Index,Total_energy(eV),Total_force(eV/Ang)
seg1_iter44_img2,-5581201.097132815,154.2234277113894
seg1_iter45_img2,-5581202.801908896,145.74126190822088
seg1_iter48_img1,-5581238.51701158,5.9517204305093125
seg1_iter51_img1,-5581238.476123178,5.505203258491044
seg1_iter52_img3,-5581223.961754374,52.819084420596226
seg1_iter56_img5,-5581229.283197376,38.41739845279232
seg1_iter60_img3,-5581225.483611014,48.4688976747146
seg1_iter60_img4,-5581240.574484398,2.131946173006537
seg1_iter65_img1,-5581238.332065629,4.781562417782877
seg1_iter68_img2,-5581226.719844271,35.2846941890786
seg1_iter69_img5,-5581235.226258967,17.31713530219481
seg1_iter73_img2,-5581228.044796111,30.86617503817739
seg1_iter73_img4,-5581240.988969012,1.5214037908519105
seg1_iter75_img4,-5581241.068493777,1.252398492806836
seg3_iter43_img2,-5581236.688457,6.411912268560288
seg3_iter43_img3,-5581236.015837527,5.70214485424092
seg3_iter44_img2,-5581236.714725926,6.19199948609817
seg3_iter50_img1,-5581238.839942728,3.132059841054609
seg3_iter51_img5,-5581239.595095562,1.3234957387990092
seg3_iter54_img5,-5581239.605861023,1.2959263499629645
seg3_iter56_img5,-5581239.616480482,1.2410897088322868
seg3_iter57_img4,-5581241.051609046,0.8838941986014265
seg3_iter60_img3,-5581236.668198354,3.037836706429018
seg3_iter61_img1,-5581238.970451742,1.6476220610692074
seg3_iter62_img2,-5581237.621804338,3.169282120156174
seg3_iter65_img4,-5581241.05443141,0.8736871740178257
seg3_iter67_img5,-5581239.643218661,1.107269200121201
seg3_iter73_img2,-5581237.657115977,3.764668393326777
seg3_iter75_img1,-5581238.771786948,3.331164151981745
seg3_iter75_img2,-5581237.734409254,3.4765767377279566
seg3_iter77_img5,-5581239.768149852,0.6941089889032921
seg3_iter78_img1,-5581238.745549074,3.3601754389927465
seg3_iter78_img2,-5581237.812582124,3.1047387387284617
seg3_iter79_img3,-5581236.959949983,4.012332164107765
seg4_iter44_img1,-5581239.165526768,1.656561543858095
seg4_iter46_img3,-5581237.941122905,2.5117149942989183
seg4_iter46_img4,-5581241.077012029,0.923010340580973
seg4_iter50_img5,-5581239.830921786,0.46141369518111863
seg4_iter54_img4,-5581241.038945186,1.225729508730721
seg4_iter55_img2,-5581238.424514002,1.997778991346012
seg4_iter56_img3,-5581238.422003641,2.810532426558845
seg4_iter56_img5,-5581239.846712711,0.3920268970474389
seg4_iter58_img3,-5581238.458278624,2.2771965656906072
seg4_iter60_img2,-5581238.467555638,1.575362929585432
seg4_iter61_img3,-5581238.498741737,1.922900418590421
seg4_iter63_img1,-5581239.051502259,2.211794263711658
seg4_iter66_img3,-5581238.515920958,2.7798791979110216
seg4_iter68_img1,-5581239.146406282,1.4368333850971522
seg4_iter72_img4,-5581241.11492746,0.7902031830501846
seg4_iter73_img1,-5581239.205291442,1.6245909008419757
seg4_iter73_img5,-5581239.847741918,0.5292990383438293
seg4_iter75_img1,-5581239.205371522,1.6106255399192466
seg4_iter75_img4,-5581241.116316664,0.7606820068327385
seg4_iter76_img1,-5581239.205146307,1.6092471591317832
seg4_iter76_img3,-5581238.282363999,3.7997939269442393
seg4_iter77_img1,-5581239.204961291,1.6042445983617675
seg4_iter77_img3,-5581238.280688984,3.771018071585275
seg4_iter78_img2,-5581238.422188058,3.693354397073727
seg4_iter79_img1,-5581239.206714872,1.5120937960023548
seg4_iter79_img2,-5581238.421961172,3.7205197330977255
seg4_iter79_img3,-5581238.29247791,3.566049493707703
seg4_iter79_img4,-5581241.119766866,0.7060081814941209
seg4_iter80_img5,-5581239.847344483,0.5150103879814413
seg5_iter43_img5,-5581239.881533391,0.2903145059146926
seg5_iter44_img2,-5581238.741661471,4.3997916447008825
seg5_iter44_img4,-5581241.052138972,1.061877872691482
seg5_iter44_img5,-5581239.882280077,0.3151819508845366
seg5_iter45_img3,-5581238.920430443,3.6072475865783846
seg5_iter45_img4,-5581241.060583821,0.9886880207498503
seg5_iter45_img5,-5581239.880540714,0.44641191410401865
seg5_iter46_img2,-5581238.661541458,5.707174774440736
seg5_iter46_img3,-5581238.853655749,3.7535464215991134
seg5_iter46_img5,-5581239.880291986,0.5112055218389351
seg5_iter47_img3,-5581238.771267767,3.8554174414296374
seg5_iter47_img4,-5581241.072067849,0.9338067159645936
seg5_iter47_img5,-5581239.880066004,0.5511023419839454
seg5_iter48_img3,-5581238.659215692,4.28175054353065
seg5_iter48_img4,-5581241.095671173,0.8310899857132459
seg5_iter48_img5,-5581239.889654625,0.39049447630650963
seg5_iter49_img1,-5581239.205103734,2.0624757382002077
seg5_iter49_img2,-5581238.643043512,5.440824897146342
seg5_iter49_img4,-5581241.079486665,0.9566761824659131
seg5_iter49_img5,-5581239.882136414,0.5333849433408012
seg5_iter50_img5,-5581239.882505354,0.5252435375963713
seg5_iter51_img1,-5581239.208935535,1.9717308872135266
seg5_iter51_img2,-5581238.671436048,5.030876860484308
seg5_iter51_img3,-5581238.660262358,4.158175482335452
seg5_iter51_img5,-5581239.883109482,0.510969675764665
seg5_iter52_img2,-5581238.690390491,4.748797114709564
seg5_iter52_img4,-5581241.085262556,0.8795542697710119
seg5_iter52_img5,-5581239.883703666,0.49558745125737985
seg5_iter53_img2,-5581238.705185308,4.5271000705458215
seg5_iter53_img3,-5581238.626051047,4.311666392998197
seg5_iter53_img4,-5581241.087609609,0.8520512219556979
seg5_iter54_img3,-5581238.620249298,4.271324588535599
seg5_iter54_img4,-5581241.08934917,0.833138582867362
seg5_iter55_img2,-5581238.718717574,4.327960030166485
seg5_iter55_img5,-5581239.883334393,0.4857509574392234
seg5_iter56_img3,-5581238.629699615,3.964984949097116
seg5_iter57_img4,-5581241.09034942,0.8172988259670807
seg5_iter59_img4,-5581241.091993002,0.808453176744549
seg5_iter61_img1,-5581239.254318085,1.0714311135445502
seg5_iter61_img2,-5581238.781344967,2.7065406293493948
seg5_iter61_img5,-5581239.88465857,0.3919086953401966
seg5_iter63_img3,-5581238.583778791,3.053327800331765
seg5_iter64_img5,-5581239.884663286,0.37476373987648137
seg5_iter65_img5,-5581239.884682512,0.3740022983689241
seg5_iter66_img1,-5581239.257160386,1.1469901854619255
seg5_iter66_img3,-5581238.580944742,3.0791057438863145
seg5_iter66_img4,-5581241.093395231,0.8365718326973081
seg5_iter67_img1,-5581239.257213211,1.1462028077290256
seg5_iter68_img4,-5581241.09336029,0.8371787856046958
seg5_iter68_img5,-5581239.884709931,0.3731605486587611
seg5_iter69_img3,-5581238.584441084,3.05128653106205
seg5_iter70_img2,-5581238.795893903,2.4234057552803314
seg5_iter70_img4,-5581241.093279441,0.8395607895876142
seg5_iter70_img5,-5581239.884752055,0.3719574095210542
seg5_iter71_img1,-5581239.257739335,1.1368698410762863
seg5_iter71_img2,-5581238.796789365,2.4118085034070345
seg5_iter71_img5,-5581239.884780969,0.3710612649845133
seg5_iter72_img5,-5581239.88481566,0.36987548742425946
seg5_iter73_img1,-5581239.258254699,1.126957660376713
seg5_iter73_img2,-5581238.799715214,2.378365415496086
seg5_iter73_img3,-5581238.593006665,2.9854030759042476
seg5_iter73_img4,-5581241.092992164,0.8442783404874028
seg5_iter73_img5,-5581239.884861058,0.3685753614232621
seg5_iter74_img4,-5581241.092807688,0.8479131686369265
seg5_iter75_img1,-5581239.25908118,1.1095111062240235
seg5_iter75_img3,-5581238.599198597,2.93992892043392
seg5_iter75_img4,-5581241.092552575,0.8515745206410847
seg5_iter76_img1,-5581239.259624125,1.0993812307183561
seg5_iter76_img3,-5581238.602967343,2.912872111349928
seg5_iter76_img4,-5581241.092206529,0.8574230310520056
seg5_iter76_img5,-5581239.885104225,0.3619848535553191
seg5_iter77_img5,-5581239.885246285,0.3582182486076857
seg5_iter78_img2,-5581238.821806185,2.1572841530449796
seg5_iter78_img3,-5581238.612950865,2.8445897051792293
seg5_iter80_img1,-5581239.261977456,1.0987667933774623
seg5_iter80_img2,-5581238.838552044,2.000479342138914
seg5_iter80_img4,-5581241.08941032,0.9000314629522017
seg6_iter43_img1,-5581239.245043969,1.3142705024652122
seg6_iter43_img3,-5581239.08103929,2.511546369630106
seg6_iter44_img2,-5581238.971313571,1.9352448394953035
seg6_iter44_img3,-5581239.018729863,2.794491361134918
seg6_iter44_img4,-5581241.054188287,0.9848812473605785
seg6_iter44_img5,-5581239.912319549,0.37755515708595166
seg6_iter45_img1,-5581239.262988687,1.1019300506950798
seg6_iter45_img2,-5581238.972394736,1.9112797925046563
seg6_iter46_img2,-5581238.974759158,1.8567381241293228
seg6_iter46_img5,-5581239.911983274,0.3860320178137692
seg6_iter47_img2,-5581238.978588848,1.7659868233165519
seg6_iter47_img3,-5581239.031124573,2.627466206739733
seg6_iter47_img4,-5581241.050158652,1.0266363664334324
seg6_iter47_img5,-5581239.911944757,0.38738863409156754
seg6_iter48_img1,-5581239.264372397,1.10511675971862
seg6_iter48_img4,-5581241.049428237,1.0354016365770562
seg6_iter49_img1,-5581239.26463962,1.137570981940574
seg6_iter49_img2,-5581238.989104403,1.5282693175479456
seg6_iter49_img3,-5581239.038924882,2.4962170621019566
seg6_iter49_img4,-5581241.049588197,1.0352083885281647
seg6_iter49_img5,-5581239.912730073,0.36863898738306855
seg6_iter50_img1,-5581239.264400637,1.2025025244071228
seg6_iter50_img2,-5581238.994711043,1.4122868598230305
seg6_iter50_img5,-5581239.913385828,0.354156059165783
seg6_iter51_img1,-5581239.263463363,1.3009928582193646
seg6_iter51_img2,-5581239.000095045,1.304139554295858
seg6_iter51_img3,-5581239.051682575,2.321100697411781
seg6_iter51_img4,-5581241.050144765,1.0318958055335223
seg6_iter51_img5,-5581239.91392967,0.3432998831642078
seg6_iter52_img1,-5581239.261664546,1.4324039261611623
seg6_iter52_img3,-5581239.062320186,2.20016750681335
seg6_iter52_img5,-5581239.914294338,0.33770080550036785
seg6_iter53_img1,-5581239.258982123,1.5836750143090548
seg6_iter53_img2,-5581239.012313144,1.054203057914494
seg6_iter53_img5,-5581239.914554622,0.3357444482490077
seg6_iter54_img2,-5581239.018875479,0.9387701299876386
seg6_iter54_img4,-5581241.042548462,1.1198536738418283
seg6_iter54_img5,-5581239.915110907,0.3299451251886485
seg6_iter55_img1,-5581239.245966325,2.0412162112409566
seg6_iter55_img3,-5581239.096132396,1.8962068675205794
seg6_iter55_img4,-5581241.040776031,1.137701865364634
seg6_iter56_img4,-5581241.038920289,1.1522543817189392
seg6_iter57_img1,-5581239.215967526,2.670226740763646
seg6_iter57_img2,-5581239.032767191,0.9442948048237688
seg6_iter57_img3,-5581239.133175459,1.7182076891168678
seg6_iter57_img4,-5581241.032793136,1.211029574961734
seg6_iter57_img5,-5581239.919008769,0.3206716438206879
seg6_iter58_img2,-5581239.032362846,1.173248460595525
seg6_iter58_img5,-5581239.920394715,0.3235283593967161
seg6_iter59_img2,-5581239.033688245,1.173562623546757
seg6_iter59_img3,-5581239.181393932,1.6237993929355976
seg6_iter59_img4,-5581241.021305325,1.2848415707692264
seg6_iter60_img1,-5581239.158247469,3.0911278247578333
seg6_iter60_img3,-5581239.2093964,1.5782610582688559
seg6_iter61_img4,-5581241.011711921,1.338493209671406
seg6_iter62_img1,-5581239.154627434,3.1315258591482973
seg6_iter62_img2,-5581239.034885295,1.2235738667457523
seg6_iter62_img3,-5581239.212024978,1.5640190315147946
seg6_iter63_img1,-5581239.212024978,1.5640190315147946
seg7_iter44_img1,-5581239.193581041,2.8643106631133883
seg7_iter44_img2,-5581239.077399191,1.0775851378498515
seg7_iter44_img3,-5581239.311495509,1.5056673674532952
seg7_iter44_img4,-5581240.940679205,1.5217597721971898
seg7_iter44_img5,-5581239.958057517,0.38435587216273653
seg7_iter45_img2,-5581239.078334849,1.023744895675549
seg7_iter45_img3,-5581239.311930344,1.5044921860988962
seg7_iter45_img4,-5581240.940883788,1.5169205868511435
seg7_iter45_img5,-5581239.958142422,0.3841071225692815
seg7_iter46_img1,-5581239.190821958,2.899565052840337
seg7_iter46_img3,-5581239.31256921,1.5039548061419177
seg7_iter46_img4,-5581240.941165327,1.5112501836977996
seg7_iter47_img1,-5581239.19153151,2.8665899888449236
seg7_iter47_img3,-5581239.313015963,1.5073645672216038
seg7_iter48_img1,-5581239.195030224,2.7733565520364563
seg7_iter48_img2,-5581239.082382376,0.8072386386474818
seg7_iter48_img3,-5581239.313054268,1.5165653192556177
seg7_iter48_img4,-5581240.941244503,1.49837715433422
seg7_iter49_img1,-5581239.20051986,2.6339395730653252
seg7_iter49_img2,-5581239.083558399,0.761060921070484
seg7_iter49_img3,-5581239.312710617,1.5327421237808758
seg7_iter50_img5,-5581239.959679689,0.3764080199074899
seg7_iter51_img1,-5581239.210583077,2.356380174124541
seg7_iter51_img2,-5581239.086638137,0.6296588678547427
seg7_iter51_img3,-5581239.311840085,1.5790467832036663
seg7_iter51_img4,-5581240.940675422,1.4760782264054115
seg7_iter51_img5,-5581239.960185561,0.3741127821918362
seg7_iter52_img2,-5581239.088318695,0.6044980182179688
seg7_iter52_img4,-5581240.940775188,1.4637782203092589
seg7_iter53_img1,-5581239.219593015,2.0959580612377455
seg7_iter53_img3,-5581239.309649673,1.6570281782473737
seg7_iter53_img4,-5581240.940864058,1.448893300239201
seg7_iter53_img5,-5581239.961610117,0.3699036706497799
seg7_iter54_img1,-5581239.228041044,1.8746550919163203
seg7_iter54_img4,-5581240.940645884,1.4355152280769032
seg7_iter54_img5,-5581239.96256549,0.3673601844605785
seg7_iter55_img2,-5581239.09166859,0.7018517143787802
seg7_iter55_img3,-5581239.299404618,1.8334211808083545
seg7_iter55_img4,-5581240.940185665,1.422577647160198
seg7_iter55_img5,-5581239.963727424,0.3650055048972639
seg7_iter56_img2,-5581239.09103921,0.8253459066903096
seg7_iter56_img4,-5581240.93997103,1.4064005577150571
seg7_iter57_img4,-5581240.939730004,1.3895986163991427
seg7_iter57_img5,-5581239.966833235,0.36240328545420475
seg7_iter58_img1,-5581239.271629846,1.3215241143197964
seg7_iter58_img2,-5581239.087548268,0.9927395550316237
seg7_iter58_img3,-5581239.263241575,2.2099742282846395
seg7_iter58_img4,-5581240.938675363,1.3795628260696478
seg7_iter59_img1,-5581239.28486596,1.2441770621347699
seg7_iter59_img2,-5581239.081257449,1.2017108088632402
seg7_iter59_img5,-5581239.971299553,0.36188582884622605
seg7_iter60_img1,-5581239.302016297,1.1556192401081349
seg7_iter60_img2,-5581239.079327709,1.1361604297199046
seg7_iter60_img4,-5581240.934630218,1.374278285680047
seg7_iter60_img5,-5581239.974213473,0.3632588605694066
seg7_iter61_img2,-5581239.068099702,1.3865243460479832
seg7_iter61_img3,-5581239.2114554,2.3308761478780915
seg7_iter61_img4,-5581240.932368223,1.3707715408491823
seg7_iter61_img5,-5581239.977891807,0.36301191854432285
seg7_iter62_img1,-5581239.316587985,1.1598523523505362
seg7_iter62_img3,-5581239.20697506,2.36522788296709
seg7_iter63_img1,-5581239.31921522,1.0959164945752118
seg7_iter63_img2,-5581239.079382986,1.0523530016900327
seg7_iter63_img3,-5581239.205453266,2.3675523946184427
seg7_iter64_img2,-5581239.07889891,1.054389730873267
seg7_iter64_img3,-5581239.207258536,2.3501521086748336
seg7_iter64_img5,-5581239.978232632,0.36251102567798366
seg7_iter65_img1,-5581239.317619758,1.1665950412463146
seg7_iter65_img2,-5581239.078001196,1.0686972103958443
seg7_iter65_img3,-5581239.210491935,2.319187764029602
seg7_iter65_img4,-5581240.928707145,1.399816756356132
seg7_iter66_img1,-5581239.316199912,1.2380311579193695
seg7_iter66_img2,-5581239.076978025,1.1041343582487257
seg7_iter66_img3,-5581239.214565135,2.2801275462370696
seg7_iter66_img4,-5581240.92894547,1.3961186721995753
seg7_iter66_img5,-5581239.978473636,0.36178356229217695
seg7_iter67_img1,-5581239.316227664,1.2372993718809606
seg7_iter67_img3,-5581239.214594085,2.27973461119541
seg7_iter67_img4,-5581240.92890078,1.3963279394034318
seg7_iter68_img3,-5581239.214656642,2.278744042763478
seg7_iter68_img4,-5581240.92881241,1.3969295621770936
seg7_iter68_img5,-5581239.978495534,0.36189840666754314
seg7_iter69_img1,-5581239.316354791,1.2363223942838804
seg7_iter69_img2,-5581239.077548203,1.0860410103744258
seg7_iter69_img3,-5581239.214762799,2.277615036000866
seg7_iter69_img5,-5581239.978517643,0.36209274822371196
seg7_iter70_img1,-5581239.316442162,1.236140583483407
seg7_iter70_img2,-5581239.077905087,1.0749382824501075
seg7_iter71_img1,-5581239.31653297,1.236121118555584
seg7_iter71_img3,-5581239.215175526,2.2723841155809814
seg7_iter72_img2,-5581239.078798939,1.048321621827303
seg7_iter72_img3,-5581239.215529174,2.268203181365476
seg7_iter72_img4,-5581240.928066994,1.4021367730188241
seg7_iter72_img5,-5581239.978633938,0.3616323025670406
seg7_iter73_img1,-5581239.316674728,1.2411991238134312
seg7_iter73_img5,-5581239.978690896,0.36151918444519643
seg7_iter74_img4,-5581240.927484294,1.4051145887846346
seg7_iter74_img5,-5581239.978764914,0.3617403971859803
seg7_iter75_img1,-5581239.316665444,1.2582468071304398
seg7_iter75_img2,-5581239.080536161,0.998888282778557
seg7_iter75_img3,-5581239.217735011,2.244683067546828
seg7_iter75_img4,-5581240.927110899,1.4082570417842186
seg7_iter75_img5,-5581240.927110899,1.4082570417842186
seg10_iter43_img1,-5581239.406299899,1.210456477651775
seg10_iter43_img2,-5581239.100544491,1.4007382605357646
seg10_iter43_img3,-5581239.294972723,2.1696906026287186
seg10_iter43_img4,-5581240.823311705,1.5421308804616676
seg10_iter43_img5,-5581240.033428005,0.34470699424667656
seg10_iter44_img1,-5581239.406338212,1.2144894101002077
seg10_iter44_img2,-5581239.100440431,1.4049434347744747
seg10_iter44_img3,-5581239.295258227,2.1644510164818636
seg10_iter44_img4,-5581240.823297365,1.5419200126516606
seg10_iter44_img5,-5581240.033482807,0.34451637905881694
seg10_iter45_img1,-5581239.406441645,1.2190973503645255
seg10_iter45_img2,-5581239.100445345,1.404373191141434
seg10_iter45_img3,-5581239.295493495,2.1593720919765738
seg10_iter45_img4,-5581240.823242835,1.541738969429528
seg10_iter45_img5,-5581240.033555184,0.3441073013539573
seg10_iter46_img1,-5581239.406635972,1.222558089172811
seg10_iter46_img2,-5581239.100613968,1.3980051058886096
seg10_iter46_img3,-5581239.295636664,2.154376046444843
seg10_iter46_img4,-5581240.823135284,1.542309699126001
seg10_iter46_img5,-5581240.033634776,0.3439079918874889
seg10_iter47_img1,-5581239.406949508,1.225270749901502
seg10_iter47_img2,-5581239.100994699,1.384237938677001
seg10_iter47_img3,-5581239.295650422,2.150201449560497
seg10_iter47_img4,-5581240.822958388,1.5424950849939423
seg10_iter47_img5,-5581240.033726946,0.3431609823284124
seg10_iter48_img1,-5581239.407413498,1.2249921540657411
seg10_iter48_img2,-5581239.101631996,1.361071729454519
seg10_iter48_img3,-5581239.295505773,2.146728380147622
seg10_iter48_img4,-5581240.822701178,1.5441117070800308
seg10_iter48_img5,-5581240.03383279,0.3428248010684798
seg10_iter49_img1,-5581239.40806015,1.2216002425149504
seg10_iter49_img2,-5581239.102551942,1.3271113715243406
seg10_iter49_img3,-5581239.2951898,2.1439640552184955
seg10_iter49_img4,-5581240.822353297,1.545230086987731
seg10_iter49_img5,-5581240.033954673,0.3422611122498709
seg10_iter50_img1,-5581239.408915511,1.2141346298366342
seg10_iter50_img2,-5581239.103748643,1.2818607346589714
seg10_iter50_img3,-5581239.294727451,2.1418474037252544
seg10_iter50_img4,-5581240.821910744,1.5478311464013534
seg10_iter50_img5,-5581240.034096818,0.3415846448331408
seg10_iter51_img1,-5581239.40998211,1.2048653332853332
seg10_iter51_img2,-5581239.105161295,1.2284293179431145
seg10_iter51_img3,-5581239.294226773,2.1387901935448115
seg10_iter51_img4,-5581240.821386697,1.5505682295498664
seg10_iter51_img5,-5581240.034267225,0.3410965497390655
seg10_iter52_img1,-5581239.411190589,1.1978791321468891
seg10_iter52_img2,-5581239.10661909,1.1719617060514882
seg10_iter52_img3,-5581239.29392298,2.132056819910596
seg10_iter52_img4,-5581240.820828359,1.5537698940792024
seg10_iter52_img5,-5581240.034474852,0.340141001238906
seg10_iter53_img1,-5581239.412422105,1.1978397495933228
seg10_iter53_img2,-5581239.107945413,1.1191837383811791
seg10_iter53_img3,-5581239.294042038,2.1197813933197462
seg10_iter53_img4,-5581240.820294442,1.5549709559744957
seg10_iter53_img5,-5581240.0347249,0.33961941669621276
seg10_iter54_img1,-5581239.413574584,1.2092741671627056
seg10_iter54_img2,-5581239.109070667,1.0747508470931333
seg10_iter54_img3,-5581239.294741007,2.099231640914068
seg10_iter54_img4,-5581240.819805807,1.5569231710782463
seg10_iter54_img5,-5581240.035025444,0.33881351992818487
seg10_iter55_img1,-5581239.414628142,1.2370213751397763
seg10_iter55_img2,-5581239.110085713,1.0352582626424232
seg10_iter55_img3,-5581239.296022556,2.070101308114659
seg10_iter55_img4,-5581240.8193098,1.5579727621793968
seg10_iter55_img5,-5581240.03539127,0.33780316291253853
seg10_iter56_img1,-5581239.415738188,1.2758825601172015
seg10_iter56_img2,-5581239.111402905,0.9834112902590869
seg10_iter56_img3,-5581239.297559774,2.0354711310067546
seg10_iter56_img4,-5581240.818600409,1.559659947256134
seg10_iter56_img5,-5581240.035842618,0.3371272323498387
seg10_iter57_img1,-5581239.417102355,1.3163439372993397
seg10_iter57_img2,-5581239.113388207,0.9025485311266505
seg10_iter57_img3,-5581239.29885901,2.0011871752485946
seg10_iter57_img4,-5581240.817444883,1.5648991833702401
seg10_iter57_img5,-5581240.03638421,0.33589250026485157
seg10_iter58_img1,-5581239.418677306,1.3608853501002978
seg10_iter58_img2,-5581239.115993382,0.7974073351102587
seg10_iter58_img3,-5581239.299967724,1.9663613325655531
seg10_iter58_img4,-5581240.815685418,1.5738297185682393
seg10_iter58_img5,-5581240.037036934,0.3345280924525686
seg10_iter59_img1,-5581239.419755752,1.4369882981663573
seg10_iter59_img2,-5581239.11865593,0.7022093414549547
seg10_iter59_img3,-5581239.301938899,1.9211343674996537
seg10_iter59_img4,-5581240.813324664,1.5870353435398479
seg10_iter59_img5,-5581240.037854834,0.33347842817806145
seg10_iter60_img1,-5581239.419381132,1.572560141061567
seg10_iter60_img2,-5581239.120871594,0.6275871279009086
seg10_iter60_img3,-5581239.305849419,1.8569487127032989
seg10_iter60_img4,-5581240.810553969,1.6010913834589597
seg10_iter60_img5,-5581240.038861198,0.33265098733547005
seg10_iter61_img1,-5581239.417698793,1.748545155874077
seg10_iter61_img2,-5581239.123115679,0.5678699902606619
seg10_iter61_img3,-5581239.31162853,1.7790281615325085
seg10_iter61_img4,-5581240.806990428,1.6198657552755737
seg10_iter61_img5,-5581240.040095836,0.33255835223623353
seg10_iter62_img1,-5581239.416483845,1.893998720186043
seg10_iter62_img2,-5581239.125804788,0.5701621305931245
seg10_iter62_img3,-5581239.317955979,1.7055562916104818
seg10_iter62_img4,-5581240.802081411,1.6452643215251892
seg10_iter62_img5,-5581240.041538545,0.3321659890158883
seg10_iter63_img1,-5581239.414756018,2.033489643619753
seg10_iter63_img2,-5581239.128325873,0.6090531624195545
seg10_iter63_img3,-5581239.326582773,1.6276116424946485
seg10_iter63_img4,-5581240.795984859,1.6746646962772573
seg10_iter63_img5,-5581240.043269525,0.3326231759298827
seg10_iter64_img1,-5581239.409349488,2.238103139480584
seg10_iter64_img2,-5581239.130629956,0.6108234091807447
seg10_iter64_img3,-5581239.339229053,1.5379284033126015
seg10_iter64_img4,-5581240.78947934,1.6989862987202138
seg10_iter64_img5,-5581240.045341067,0.3328193778453567
seg10_iter65_img1,-5581239.406423908,2.3322216955529087
seg10_iter65_img2,-5581239.13281629,0.7004730909296331
seg10_iter65_img3,-5581239.352504445,1.4664050454264785
seg10_iter65_img4,-5581240.780776872,1.7291758307374552
seg10_iter65_img5,-5581240.04776485,0.3336009249321284
seg10_iter66_img1,-5581239.399899266,2.459130923195371
seg10_iter66_img2,-5581239.135424448,0.7132164815057398
seg10_iter66_img3,-5581239.369592783,1.3935727353740641
seg10_iter66_img4,-5581240.771029753,1.7518551718126314
seg10_iter66_img5,-5581240.050697973,0.3343823192126382
seg10_iter67_img1,-5581239.399597781,2.3940015534885295
seg10_iter67_img2,-5581239.137782102,0.7792922246756294
seg10_iter67_img3,-5581239.386215018,1.3537971342605293
seg10_iter67_img4,-5581240.759426884,1.7694096346084525
seg10_iter67_img5,-5581240.054178128,0.33288383369159386
seg10_iter68_img1,-5581239.398375719,2.4204367983026893
seg10_iter68_img2,-5581239.138563164,0.7255130821099356
seg10_iter68_img3,-5581239.38701563,1.3505974926348683
seg10_iter68_img4,-5581240.759842403,1.7620953432194966
seg10_iter68_img5,-5581240.054272735,0.3328982691145188
seg10_iter69_img1,-5581239.398417205,2.4178425834046005
seg10_iter69_img2,-5581239.139571109,0.6689200917011329
seg10_iter69_img3,-5581239.387716886,1.353687347593435
seg10_iter69_img4,-5581240.76028017,1.7535031289461371
seg10_iter69_img5,-5581240.054466367,0.33125240314377524
seg10_iter70_img1,-5581239.399155503,2.4013867988130486
seg10_iter70_img2,-5581239.139612445,0.669133214842469
seg10_iter70_img3,-5581239.387511879,1.3562929592004473
seg10_iter70_img4,-5581240.760211501,1.753983504717826
seg10_iter70_img5,-5581240.054486983,0.3312217688065783
seg10_iter71_img1,-5581239.40050041,2.371625849788667
seg10_iter71_img2,-5581239.139701515,0.6699985256966832
seg10_iter71_img3,-5581239.387139439,1.3618762504336506
seg10_iter71_img4,-5581240.760095031,1.7532835599241336
seg10_iter71_img5,-5581240.054528983,0.33120390313146114
seg10_iter72_img1,-5581239.402222804,2.3328425485219104
seg10_iter72_img2,-5581239.139865283,0.6687961949602598
seg10_iter72_img3,-5581239.386673275,1.3695636357997525
seg10_iter72_img4,-5581240.759971925,1.7526126462588019
seg10_iter72_img5,-5581240.054595501,0.33016600476226965
seg10_iter73_img1,-5581239.403983714,2.2932143115357237
seg10_iter73_img2,-5581239.14013899,0.6614195011060398
seg10_iter73_img3,-5581239.386226988,1.3787711370739522
seg10_iter73_img4,-5581240.759898735,1.7506073474271018
seg10_iter73_img5,-5581240.054687149,0.32976690391573843
seg10_iter74_img1,-5581239.405520313,2.2586845740886767
seg10_iter74_img2,-5581239.140526677,0.6460508181023018
seg10_iter74_img3,-5581239.385885786,1.387712554547122
seg10_iter74_img4,-5581240.759909019,1.7473932948563946
seg10_iter74_img5,-5581240.05480008,0.3292927749840731
seg10_iter75_img1,-5581239.406761243,2.2308786741766253
seg10_iter75_img2,-5581239.141009218,0.622654283595006
seg10_iter75_img3,-5581239.385670744,1.3965838836256463
seg10_iter75_img4,-5581240.760008832,1.7437834423707879
seg10_iter75_img5,-5581240.054932032,0.3286504826031403
seg10_iter76_img1,-5581239.407782822,2.208991761696227
seg10_iter76_img2,-5581239.141539195,0.5954230123803208
seg10_iter76_img3,-5581239.385551079,1.4055033011245577
seg10_iter76_img4,-5581240.760183069,1.737977236558665
seg10_iter76_img5,-5581240.05508116,0.3277470199699111
seg10_iter77_img1,-5581239.408904965,2.1860251353011737
seg10_iter77_img2,-5581239.142131959,0.5688963197334584
seg10_iter77_img3,-5581239.385419368,1.4159341116522
seg10_iter77_img4,-5581240.76042184,1.7314552983216478
seg10_iter77_img5,-5581240.055269355,0.3273724142561145
seg10_iter78_img1,-5581239.410644064,2.1500145831984936
seg10_iter78_img2,-5581239.142756164,0.5510435409114707
seg10_iter78_img3,-5581239.385031168,1.4317860311150186
seg10_iter78_img4,-5581240.760656484,1.7240597334268621
seg10_iter78_img5,-5581240.055508895,0.32631239869066575
seg10_iter79_img1,-5581239.41349888,2.0894035799270436
seg10_iter79_img2,-5581239.143400742,0.5380724982021706
seg10_iter79_img3,-5581239.384089836,1.456570770767831
seg10_iter79_img4,-5581240.760802373,1.7170055474286527
seg10_iter79_img5,-5581240.055800184,0.32485906797833847
seg10_iter80_img1,-5581239.417669224,1.9988692028928572
seg10_iter80_img2,-5581239.144111523,0.5186803424754634
seg10_iter80_img3,-5581239.382368294,1.4931009187019855
seg10_iter80_img4,-5581240.7608353,1.708956581879382
seg10_iter80_img5,-5581240.056152252,0.3232888962842523
seg11_iter43_img1,-5581239.525605813,1.4234664646136583
seg11_iter43_img2,-5581239.13938809,0.766570308166216
seg11_iter43_img3,-5581239.30846839,1.7494748278959484
seg11_iter43_img4,-5581240.736353116,1.7181202180114983
seg11_iter43_img5,-5581240.073888526,0.29316676910870065
seg11_iter44_img1,-5581239.525290648,1.4397070280520876
seg11_iter44_img2,-5581239.140679432,0.7429619315103173
seg11_iter44_img3,-5581239.311287107,1.7302330468316407
seg11_iter44_img4,-5581240.735073442,1.721407231503191
seg11_iter44_img5,-5581240.074129892,0.2928556087671821
seg11_iter45_img1,-5581239.524796898,1.4629818802384618
seg11_iter45_img2,-5581239.142143731,0.7159556269914351
seg11_iter45_img3,-5581239.314792298,1.7061440638281082
seg11_iter45_img4,-5581240.733539037,1.7259368709496314
seg11_iter45_img5,-5581240.074427873,0.2927892357483235
seg11_iter46_img1,-5581239.524150922,1.491174107695731
seg11_iter46_img2,-5581239.143869104,0.6842622541026393
seg11_iter46_img3,-5581239.318992492,1.678158075948678
seg11_iter46_img4,-5581240.731652158,1.7316438937111545
seg11_iter46_img5,-5581240.074793717,0.2925483953763836
seg11_iter47_img1,-5581239.52341693,1.5209652995449792
seg11_iter47_img2,-5581239.145934996,0.6464480221412244
seg11_iter47_img3,-5581239.323846753,1.647085973040435
seg11_iter47_img4,-5581240.729292531,1.7373455672309273
seg11_iter47_img5,-5581240.075238629,0.29206648158403714
seg11_iter48_img1,-5581239.522556687,1.5542102814210532
seg11_iter48_img2,-5581239.148345056,0.6034308245847826
seg11_iter48_img3,-5581239.329447106,1.613561658152934
seg11_iter48_img4,-5581240.726366717,1.7469059287191395
seg11_iter48_img5,-5581240.07577785,0.2921804916154839
seg11_iter49_img1,-5581239.521305653,1.5971457140664382
seg11_iter49_img2,-5581239.150976362,0.5602304622452129
seg11_iter49_img3,-5581239.336130715,1.5754032624522532
seg11_iter49_img4,-5581240.722863099,1.7556066994944344
seg11_iter49_img5,-5581240.076442693,0.29219624071395894
seg11_iter50_img1,-5581239.519380313,1.6571430391318542
seg11_iter50_img2,-5581239.153703853,0.5200747590184973
seg11_iter50_img3,-5581239.344195722,1.530952128733055
seg11_iter50_img4,-5581240.718793625,1.7655462470322096
seg11_iter50_img5,-5581240.077258692,0.2913724604248635
seg11_iter51_img1,-5581239.517066802,1.7207057329724238
seg11_iter51_img2,-5581239.156608921,0.48144970114185354
seg11_iter51_img3,-5581239.353445277,1.4843031708676115
seg11_iter51_img4,-5581240.713930453,1.7745375803316825
seg11_iter51_img5,-5581240.078251666,0.29166726579578145
seg11_iter52_img1,-5581239.514748937,1.7736572019151176
seg11_iter52_img2,-5581239.1596768,0.44887174273789776
seg11_iter52_img3,-5581239.363599766,1.441576365333582
seg11_iter52_img4,-5581240.70804509,1.7866991727540782
seg11_iter52_img5,-5581240.079452708,0.290685342805737
seg11_iter53_img1,-5581239.511563014,1.8392718682173608
seg11_iter53_img2,-5581239.162639461,0.42515779707860774
seg11_iter53_img3,-5581239.375168902,1.3996733418993013
seg11_iter53_img4,-5581240.701441986,1.7970949290615874
seg11_iter53_img5,-5581240.080923776,0.289759830523083
seg11_iter54_img1,-5581239.508937216,1.8744652795313543
seg11_iter54_img2,-5581239.165656363,0.4257407225015345
seg11_iter54_img3,-5581239.386993418,1.3753363762527209
seg11_iter54_img4,-5581240.693864648,1.8064305625882364
seg11_iter54_img5,-5581240.082704296,0.28895205828480025
seg11_iter55_img1,-5581239.506832958,1.887310113664662
seg11_iter55_img2,-5581239.168688868,0.44557575889101153
seg11_iter55_img3,-5581239.398927296,1.3722599318999043
seg11_iter55_img4,-5581240.685758752,1.808891732793052
seg11_iter55_img5,-5581240.084827645,0.2874848840433366
seg11_iter56_img1,-5581239.508180819,1.8114726396481744
seg11_iter56_img2,-5581239.17196349,0.4837898626203324
seg11_iter56_img3,-5581239.40873949,1.419237953734545
seg11_iter56_img4,-5581240.67716754,1.807464343545953
seg11_iter56_img5,-5581240.08729212,0.2850385816888656
seg11_iter57_img1,-5581239.509589944,1.760453230111352
seg11_iter57_img2,-5581239.174681286,0.6515467524296744
seg11_iter57_img3,-5581239.417921079,1.4809769947388374
seg11_iter57_img4,-5581240.669584574,1.7923340319665249
seg11_iter57_img5,-5581240.090094397,0.28146540053665203
seg11_iter58_img1,-5581239.524725124,1.4257255155082893
seg11_iter58_img2,-5581239.179755679,0.4889201712498296
seg11_iter58_img3,-5581239.414553156,1.724302755610293
seg11_iter58_img4,-5581240.659329672,1.7958030502733948
seg11_iter58_img5,-5581240.09311704,0.2794464004339518
seg11_iter59_img1,-5581239.519554105,1.5560273707929602
seg11_iter59_img2,-5581239.177497026,0.7719339598576398
seg11_iter59_img3,-5581239.419335276,1.6338005485674953
seg11_iter59_img4,-5581240.661826763,1.7767151313989298
seg11_iter59_img5,-5581240.093237721,0.27879956527491584
seg11_iter60_img1,-5581239.520208211,1.5431585656323659
seg11_iter60_img2,-5581239.177682006,0.7549774383008813
seg11_iter60_img3,-5581239.418726054,1.6402819262755135
seg11_iter60_img4,-5581240.661751769,1.7773821064809976
seg11_iter60_img5,-5581240.093249953,0.2793523036033649
seg11_iter61_img1,-5581239.521394919,1.5219109922556506
seg11_iter61_img2,-5581239.177984389,0.7265740100494251
seg11_iter61_img3,-5581239.417599267,1.6518391245486446
seg11_iter61_img4,-5581240.661643701,1.7785920861072746
seg11_iter61_img5,-5581240.093275762,0.27923046883139047
seg11_iter62_img1,-5581239.522897865,1.497642720677428
seg11_iter62_img2,-5581239.178284879,0.6978424200485667
seg11_iter62_img3,-5581239.416133733,1.6654670482198508
seg11_iter62_img4,-5581240.661582928,1.779274612833171
seg11_iter62_img5,-5581240.09331752,0.27930841003980933
seg11_iter63_img1,-5581239.524461937,1.476936257203847
seg11_iter63_img2,-5581239.178468085,0.6789242910585243
seg11_iter63_img3,-5581239.414567883,1.6769145080593426
seg11_iter63_img4,-5581240.661654892,1.7787208169945596
seg11_iter63_img5,-5581240.09337644,0.2794378642250565
seg11_iter64_img1,-5581239.52593615,1.4609011769133888
seg11_iter64_img2,-5581239.178470635,0.6777433693654455
seg11_iter64_img3,-5581239.413066836,1.6845307705883341
seg11_iter64_img4,-5581240.661903123,1.7779542220626257
seg11_iter64_img5,-5581240.093452089,0.2787921775660613
seg11_iter65_img1,-5581239.527320197,1.4510579704476632
seg11_iter65_img2,-5581239.178264507,0.6940856464826988
seg11_iter65_img3,-5581239.41164948,1.6879026054817352
seg11_iter65_img4,-5581240.662322888,1.7743069537453267
seg11_iter65_img5,-5581240.093543776,0.2786961310862794
seg11_iter66_img1,-5581239.528763638,1.4430149885793575
seg11_iter66_img2,-5581239.177877573,0.723520900256712
seg11_iter66_img3,-5581239.410183989,1.6889735154230752
seg11_iter66_img4,-5581240.662862872,1.771693792948431
seg11_iter66_img5,-5581240.093650944,0.27855360352299086
seg11_iter67_img1,-5581239.530737982,1.4308232294624816
seg11_iter67_img2,-5581239.177372538,0.7567031179977601
seg11_iter67_img3,-5581239.408199935,1.6918935102295671
seg11_iter67_img4,-5581240.6634888,1.7674294804419872
seg11_iter67_img5,-5581240.093786812,0.2787692982250997
seg11_iter68_img1,-5581239.533665197,1.4025409154785586
seg11_iter68_img2,-5581239.17695409,0.7759988866710977
seg11_iter68_img3,-5581239.405250034,1.701886175523403
seg11_iter68_img4,-5581240.664064695,1.7638278751170124
seg11_iter68_img5,-5581240.093953174,0.2788166071018551
seg11_iter69_img1,-5581239.537727567,1.3549636993384127
seg11_iter69_img2,-5581239.176739109,0.7733175103438591
seg11_iter69_img3,-5581239.401029372,1.7224658135376338
seg11_iter69_img4,-5581240.664516857,1.7615816898898866
seg11_iter69_img5,-5581240.09415395,0.27858236628686384
seg11_iter70_img1,-5581239.542664331,1.2979384698106107
seg11_iter70_img2,-5581239.176463432,0.7660241452848587
seg11_iter70_img3,-5581239.395657804,1.748679304433788
seg11_iter70_img4,-5581240.66495227,1.759380063103667
seg11_iter70_img5,-5581240.094407863,0.2782446131079217
seg11_iter71_img1,-5581239.547729942,1.2508675327627767
seg11_iter71_img2,-5581239.175461628,0.7952249475250223
seg11_iter71_img3,-5581239.389837964,1.7685687400531163
seg11_iter71_img4,-5581240.665632306,1.7560250845016614
seg11_iter71_img5,-5581240.094731719,0.2783496404866851
seg11_iter72_img1,-5581239.552765623,1.220416728454956
seg11_iter72_img2,-5581239.173386876,0.8705482844281679
seg11_iter72_img3,-5581239.383641088,1.7791369011444405
seg11_iter72_img4,-5581240.666560614,1.7518864663444529
seg11_iter72_img5,-5581240.095145099,0.2784804436070365
seg11_iter73_img1,-5581239.558846386,1.1841852387486385
seg11_iter73_img2,-5581239.171211045,0.919337922488893
seg11_iter73_img3,-5581239.375400384,1.8006260111867733
seg11_iter73_img4,-5581240.66710939,1.7484857068734645
seg11_iter73_img5,-5581240.09566595,0.27836901848886725
seg11_iter74_img1,-5581239.566330404,1.1255061686763175
seg11_iter74_img2,-5581239.169648689,0.9086798528009974
seg11_iter74_img3,-5581239.364593497,1.8377013556445205
seg11_iter74_img4,-5581240.666901341,1.751302108571526
seg11_iter74_img5,-5581240.096306576,0.2778576238018073
seg11_iter75_img1,-5581239.573195732,1.1121993920356932
seg11_iter75_img2,-5581239.166334039,0.9652922784252465
seg11_iter75_img3,-5581239.354798525,1.8438501760435524
seg11_iter75_img4,-5581240.666703101,1.754070958896562
seg11_iter75_img5,-5581240.097120153,0.27746245117217816
seg11_iter76_img1,-5581239.580227297,1.1239774725610197
seg11_iter76_img2,-5581239.163161187,1.000168111547542
seg11_iter76_img3,-5581239.345005116,1.8350821670374315
seg11_iter76_img4,-5581240.665198962,1.7649630285515305
seg11_iter76_img5,-5581240.098160501,0.2775628607698189
seg11_iter77_img1,-5581239.588108485,1.1096007698170245
seg11_iter77_img2,-5581239.162839334,0.9496814687872053
seg11_iter77_img3,-5581239.333594645,1.8405445410148216
seg11_iter77_img4,-5581240.661509094,1.7863885859420636
seg11_iter77_img5,-5581240.099433376,0.2769904887899445
seg11_iter78_img1,-5581239.591785419,1.2717572588615422
seg11_iter78_img2,-5581239.159417212,1.0159884412404236
seg11_iter78_img3,-5581239.329936062,1.770419764816741
seg11_iter78_img4,-5581240.657784154,1.8014417603353752
seg11_iter78_img5,-5581240.101002951,0.27547765219997544
seg11_iter79_img1,-5581239.592659747,1.2326497192995125
seg11_iter79_img2,-5581239.161213804,0.9732962328466134
seg11_iter79_img3,-5581239.329168038,1.7810575039092067
seg11_iter79_img4,-5581240.656823969,1.8072107763934573
seg11_iter79_img5,-5581240.101030106,0.27534918533068903
seg11_iter80_img1,-5581239.593627126,1.1868128950177046
seg11_iter80_img2,-5581239.163670461,0.9237398598855494
seg11_iter80_img3,-5581239.328852342,1.7907178245170952
seg11_iter80_img4,-5581240.655323951,1.8165004959734683
seg11_iter80_img5,-5581240.101104175,0.27537511168873474
seg12_iter43_img1,-5581239.596474227,1.1124808683050131
seg12_iter43_img2,-5581239.204039488,0.8723855071077353
seg12_iter43_img3,-5581239.393214158,1.8128658758537688
seg12_iter43_img4,-5581240.606917622,1.8097519117730843
seg12_iter43_img5,-5581240.114610067,0.28585855652569797
seg12_iter44_img1,-5581239.602416317,1.0320548897912898
seg12_iter44_img2,-5581239.203598459,0.901452654426161
seg12_iter44_img3,-5581239.381481655,1.8802838163384745
seg12_iter44_img4,-5581240.606053955,1.8092739153545239
seg12_iter44_img5,-5581240.11553223,0.2869705529348941
seg12_iter45_img1,-5581239.607292521,1.0229295929188305
seg12_iter45_img2,-5581239.200857495,1.0307724304521884
seg12_iter45_img3,-5581239.37098464,1.9033204133735675
seg12_iter45_img4,-5581240.605425829,1.8054477705071603
seg12_iter45_img5,-5581240.11666359,0.2887899635477418
seg12_iter46_img1,-5581239.614457274,0.9362813104011991
seg12_iter46_img2,-5581239.201984832,0.9941958624431944
seg12_iter46_img3,-5581239.354115599,1.9721999830877663
seg12_iter46_img4,-5581240.602301259,1.8168568505177307
seg12_iter46_img5,-5581240.117968564,0.2901578920984059
seg12_iter47_img1,-5581239.617075401,1.0799938655942916
seg12_iter47_img2,-5581239.195534676,1.251707306048987
seg12_iter47_img3,-5581239.346879206,1.906224622117191
seg12_iter47_img4,-5581240.601281713,1.8075564487278617
seg12_iter47_img5,-5581240.119619281,0.29096190054302706
seg12_iter48_img1,-5581239.619245333,0.979026548141838
seg12_iter48_img2,-5581239.200509924,1.0855959743049097
seg12_iter48_img3,-5581239.341804285,1.959563818385905
seg12_iter48_img4,-5581240.599277597,1.821698633657406
seg12_iter48_img5,-5581240.119607543,0.2909663930775107
seg12_iter49_img1,-5581239.621021263,0.8995745841479333
seg12_iter49_img2,-5581239.204896279,0.9660627714754715
seg12_iter49_img3,-5581239.337476801,2.003506310049525
seg12_iter49_img4,-5581240.596976677,1.8358602673875168
seg12_iter49_img5,-5581240.119680853,0.29163110492120037
seg12_iter50_img1,-5581239.620596194,0.9219780617479304
seg12_iter50_img2,-5581239.20424231,0.9859585049364151
seg12_iter50_img3,-5581239.338775469,1.9883680462226454
seg12_iter50_img4,-5581240.597305415,1.8331636130754763
seg12_iter50_img5,-5581240.119706121,0.2915563524946768
seg12_iter51_img1,-5581239.619817339,0.9618545811989159
seg12_iter51_img2,-5581239.20302725,1.026236550892091
seg12_iter51_img3,-5581239.341035406,1.9621843868468907
seg12_iter51_img4,-5581240.597860256,1.828552383581648
seg12_iter51_img5,-5581240.119753313,0.29134291485809316
seg12_iter52_img1,-5581239.618841301,1.0117690480701131
seg12_iter52_img2,-5581239.201540849,1.0818647066074654
seg12_iter52_img3,-5581239.343684088,1.9311457144425368
seg12_iter52_img4,-5581240.598453657,1.8230108275049042
seg12_iter52_img5,-5581240.11981969,0.29056278939540775
seg12_iter53_img1,-5581239.618862085,1.0107361322228137
seg12_iter53_img2,-5581239.201609752,1.0801553412377134
seg12_iter53_img3,-5581239.34363756,1.9314506156420446
seg12_iter53_img4,-5581240.598419581,1.8233967490773564
seg12_iter53_img5,-5581240.119821917,0.2908302181623382
seg12_iter54_img1,-5581239.618902251,1.0091644700184184
seg12_iter54_img2,-5581239.20174457,1.0767570630482106
seg12_iter54_img3,-5581239.343548396,1.9323034281902158
seg12_iter54_img4,-5581240.598352667,1.8235955453235957
seg12_iter54_img5,-5581240.119826305,0.2906981214863738
seg12_iter55_img1,-5581239.618958978,1.0069543963906795
seg12_iter55_img2,-5581239.201939099,1.071111531285248
seg12_iter55_img3,-5581239.343424071,1.933590194023623
seg12_iter55_img4,-5581240.598255256,1.8240090922640222
seg12_iter55_img5,-5581240.119833173,0.29069136925024
seg12_iter56_img1,-5581239.619027444,1.0047356098074731
seg12_iter56_img2,-5581239.202184587,1.064618947013682
seg12_iter56_img3,-5581239.343277035,1.934678862833204
seg12_iter56_img4,-5581240.598130396,1.824613830296859
seg12_iter56_img5,-5581240.119842694,0.29069850083978216
seg12_iter57_img1,-5581239.619101818,1.0014745901840398
seg12_iter57_img2,-5581239.202470659,1.0571567330430884
seg12_iter57_img3,-5581239.343123955,1.9359736268166385
seg12_iter57_img4,-5581240.597984754,1.8251759425451677
seg12_iter57_img5,-5581240.119855034,0.29092354423618316
seg12_iter58_img1,-5581239.619174726,0.9990304657859347
seg12_iter58_img2,-5581239.202781598,1.049275882592602
seg12_iter58_img3,-5581239.342986383,1.936790880687137
seg12_iter58_img4,-5581240.597819503,1.8256842376865006
seg12_iter58_img5,-5581240.119870861,0.290799966871212
seg12_iter59_img1,-5581239.619237711,0.9973225514486648
seg12_iter59_img2,-5581239.203101781,1.0418054791570013
seg12_iter59_img3,-5581239.342887793,1.9372579734972193
seg12_iter59_img4,-5581240.597644522,1.8270094567963246
seg12_iter59_img5,-5581240.119890315,0.2912214614525318
seg12_iter60_img1,-5581239.619287722,0.9964999481627517
seg12_iter60_img2,-5581239.203448027,1.0345733570432434
seg12_iter60_img3,-5581239.342846511,1.9367831902339092
seg12_iter60_img4,-5581240.597448562,1.827182824464195
seg12_iter60_img5,-5581240.119916013,0.2910975873422516
seg12_iter61_img1,-5581239.619314263,0.9969811860711167
seg12_iter61_img2,-5581239.203807457,1.0276433135417242
seg12_iter61_img3,-5581239.34289648,1.935273394305978
seg12_iter61_img4,-5581240.597236352,1.8287249674171853
seg12_iter61_img5,-5581240.119948994,0.2910148925676524
seg12_iter62_img1,-5581239.619306949,0.9993328614746791
seg12_iter62_img2,-5581239.204170801,1.021718664757836
seg12_iter62_img3,-5581239.343072199,1.931925875377581
seg12_iter62_img4,-5581240.597011221,1.8283423961345964
seg12_iter62_img5,-5581240.119990839,0.2911520275460269
seg12_iter63_img1,-5581239.619258377,1.0040580961789123
seg12_iter63_img2,-5581239.204537295,1.0174281705026813
seg12_iter63_img3,-5581239.343401275,1.9264790693486826
seg12_iter63_img4,-5581240.596771345,1.829193723873539
seg12_iter63_img5,-5581240.120043454,0.29117899185604573
seg12_iter64_img1,-5581239.61916693,1.011950619263435
seg12_iter64_img2,-5581239.204924682,1.0141380240359357
seg12_iter64_img3,-5581239.343905768,1.9189960838921916
seg12_iter64_img4,-5581240.59650509,1.8298019215997543
seg12_iter64_img5,-5581240.120108997,0.291012833225428
seg12_iter65_img1,-5581239.619045413,1.0213003406638645
seg12_iter65_img2,-5581239.205383706,1.0105661958508716
seg12_iter65_img3,-5581239.344562612,1.909536679184432
seg12_iter65_img4,-5581240.596183185,1.8303195418926705
seg12_iter65_img5,-5581240.120190186,0.2908691370314357
seg12_iter66_img1,-5581239.618928458,1.031801200528583
seg12_iter66_img2,-5581239.206008115,1.0046086091958704
seg12_iter66_img3,-5581239.34530552,1.8985763312850945
seg12_iter66_img4,-5581240.595754359,1.8306339256118032
seg12_iter66_img5,-5581240.12029008,0.2910937303027932
seg12_iter67_img1,-5581239.618861588,1.0407070533875613
seg12_iter67_img2,-5581239.206903357,0.992656780081441
seg12_iter67_img3,-5581239.346034732,1.8875116409255688
seg12_iter67_img4,-5581240.595160931,1.8327904057047208
seg12_iter67_img5,-5581240.12040356,0.29102648809059434
seg12_iter68_img1,-5581239.618868582,1.0465855524123404
seg12_iter68_img2,-5581239.208144734,0.9727489435940256
seg12_iter68_img3,-5581239.346688586,1.8769451712850203
seg12_iter68_img4,-5581240.594349803,1.8349893740338756
seg12_iter68_img5,-5581240.120547066,0.2908087363182865
seg12_iter69_img1,-5581239.618924881,1.051510179670041
seg12_iter69_img2,-5581239.209737614,0.9455395184183022
seg12_iter69_img3,-5581239.347336954,1.865926027157698
seg12_iter69_img4,-5581240.593306247,1.8384276115545666
seg12_iter69_img5,-5581240.120721585,0.2910200896286467
seg12_iter70_img1,-5581239.61890591,1.0602775979486398
seg12_iter70_img2,-5581239.211568546,0.9160154390684959
seg12_iter70_img3,-5581239.348250791,1.852123589364581
seg12_iter70_img4,-5581240.592061707,1.8414976130595806
seg12_iter70_img5,-5581240.120938753,0.2911013445486941
seg12_iter71_img1,-5581239.618665787,1.0808531172299698
seg12_iter71_img2,-5581239.213507725,0.890297929256599
seg12_iter71_img3,-5581239.349720235,1.832192603269391
seg12_iter71_img4,-5581240.590678754,1.8447287850267555
seg12_iter71_img5,-5581240.121209035,0.29137792063583196
seg12_iter72_img1,-5581239.618169335,1.1131811732220984
seg12_iter72_img2,-5581239.215640165,0.8661273974391692
seg12_iter72_img3,-5581239.351760725,1.8062129428024287
seg12_iter72_img4,-5581240.589100225,1.8486925801275707
seg12_iter72_img5,-5581240.121543773,0.29155502780627496
seg12_iter73_img1,-5581239.617629574,1.1471275133124335
seg12_iter73_img2,-5581239.218348905,0.8329261946970655
seg12_iter73_img3,-5581239.353923753,1.7804987803878838
seg12_iter73_img4,-5581240.587077227,1.8539376125413944
seg12_iter73_img5,-5581240.121950326,0.291885664696411
seg12_iter74_img1,-5581239.617186921,1.1748228763181114
seg12_iter74_img2,-5581239.22179848,0.7856365233019678
seg12_iter74_img3,-5581239.356011129,1.757796088618381
seg12_iter74_img4,-5581240.584448148,1.8593861079203082
seg12_iter74_img5,-5581240.122431519,0.2918784146800296
seg12_iter75_img1,-5581239.616414825,1.2136536085950307
seg12_iter75_img2,-5581239.225601513,0.741991653791801
seg12_iter75_img3,-5581239.358971934,1.729338210169766
seg12_iter75_img4,-5581240.581399708,1.866521933212789
seg12_iter75_img5,-5581240.123029133,0.29254902291383095
seg12_iter76_img1,-5581239.615031041,1.2702428850086016
seg12_iter76_img2,-5581239.229668465,0.7076760206731314
seg12_iter76_img3,-5581239.363191401,1.6918128109186654
seg12_iter76_img4,-5581240.578034714,1.871478049380828
seg12_iter76_img5,-5581240.123762884,0.29278829507003784
seg12_iter77_img1,-5581239.613852006,1.3102128545108171
seg12_iter77_img2,-5581239.234710075,0.6600440689775211
seg12_iter77_img3,-5581239.367006007,1.6666227379545282
seg12_iter77_img4,-5581240.573690917,1.880527580566439
seg12_iter77_img5,-5581240.124635773,0.293909187826939
seg12_iter78_img1,-5581239.61187814,1.3675360706564388
seg12_iter78_img2,-5581239.240161804,0.6245784742096746
seg12_iter78_img3,-5581239.371971351,1.6379170782831145
seg12_iter78_img4,-5581240.568882936,1.8861656337197985
seg12_iter78_img5,-5581240.125702739,0.295107487021603
seg12_iter79_img1,-5581239.609834522,1.41066562499033
seg12_iter79_img2,-5581239.246480262,0.5949360439906617
seg12_iter79_img3,-5581239.376999282,1.6195773486095866
seg12_iter79_img4,-5581240.563349505,1.8896995331635684
seg12_iter79_img5,-5581240.126991477,0.2965550632070947
seg12_iter80_img1,-5581239.607803718,1.436124670149335
seg12_iter80_img2,-5581239.253715334,0.5809151507033187
seg12_iter80_img3,-5581239.381856292,1.6134363693328373
seg12_iter80_img4,-5581240.557207131,1.891493888186632
seg12_iter80_img5,-5581240.12852668,0.29860177808873734
seg14_iter43_img1,-5581239.582313543,1.7933025935938844
seg14_iter43_img2,-5581239.400334968,1.2809243259150531
seg14_iter43_img3,-5581239.052817043,2.321543662435918
seg14_iter43_img4,-5581240.331413527,2.1766698912414912
seg14_iter43_img5,-5581240.151044058,0.326397119039134
seg14_iter44_img1,-5581239.582122473,1.7914671287872348
seg14_iter44_img2,-5581239.399740214,1.310062293070666
seg14_iter44_img3,-5581239.049285192,2.325036802559113
seg14_iter44_img4,-5581240.328699538,2.178764701782729
seg14_iter44_img5,-5581240.15111141,0.3262616874101649
seg14_iter45_img1,-5581239.581806204,1.7922296733861622
seg14_iter45_img2,-5581239.398424269,1.3620369496485887
seg14_iter45_img3,-5581239.046489572,2.3105968227494094
seg14_iter45_img4,-5581240.324759656,2.186535095321102
seg14_iter45_img5,-5581240.151175214,0.32658791764909006
seg14_iter46_img1,-5581239.581430758,1.7925582520862886
seg14_iter46_img2,-5581239.396829473,1.4203249519941565
seg14_iter46_img3,-5581239.042737904,2.2963929038957116
seg14_iter46_img4,-5581240.319643952,2.196380185834002
seg14_iter46_img5,-5581240.15124629,0.32717640122306824
seg14_iter47_img1,-5581239.581098755,1.7902462259294023
seg14_iter47_img2,-5581239.395857332,1.4577965549681755
seg14_iter47_img3,-5581239.035529285,2.3100489854606034
seg14_iter47_img4,-5581240.313946004,2.2049882127438756
seg14_iter47_img5,-5581240.151343618,0.32742870639755683
seg14_iter48_img1,-5581239.580790889,1.785703529066108
seg14_iter48_img2,-5581239.39575046,1.469958594269551
seg14_iter48_img3,-5581239.023862126,2.35936819091298
seg14_iter48_img4,-5581240.307900954,2.209442063776451
seg14_iter48_img5,-5581240.151485206,0.3280628107463489
seg14_iter49_img1,-5581239.580246461,1.7846001910494542
seg14_iter49_img2,-5581239.394942947,1.5012039063768796
seg14_iter49_img3,-5581239.010465381,2.4076505759777502
seg14_iter49_img4,-5581240.300488765,2.2139719144302443
seg14_iter49_img5,-5581240.151670085,0.3286119275000534
seg14_iter50_img1,-5581239.579229831,1.792555074013553
seg14_iter50_img2,-5581239.391484354,1.5964888392814773
seg14_iter50_img3,-5581238.999316942,2.4043422560957475
seg14_iter50_img4,-5581240.290143936,2.226095133579565
seg14_iter50_img5,-5581240.151869257,0.3291168001944303
seg14_iter51_img1,-5581239.577882381,1.8048013225079846
seg14_iter51_img2,-5581239.386895626,1.7077848491806644
seg14_iter51_img3,-5581238.985753651,2.3973380670135973
seg14_iter51_img4,-5581240.276613033,2.2456415390677673
seg14_iter51_img5,-5581240.152087468,0.3302728488698162
seg14_iter52_img1,-5581239.57649366,1.8125207125234684
seg14_iter52_img2,-5581239.384944759,1.7464827096649362
seg14_iter52_img3,-5581238.96180331,2.473440022525383
seg14_iter52_img4,-5581240.261551366,2.259804240832357
seg14_iter52_img5,-5581240.152365033,0.331165500580906
seg14_iter53_img1,-5581239.574320687,1.8326249625162583
seg14_iter53_img2,-5581239.379834251,1.8426697254631097
seg14_iter53_img3,-5581238.937355745,2.505337671196
seg14_iter53_img4,-5581240.241848474,2.279087414941666
seg14_iter53_img5,-5581240.152691357,0.3327610939503589
seg14_iter54_img1,-5581239.571012609,1.8687561037037805
seg14_iter54_img2,-5581239.369969751,2.0102935400542856
seg14_iter54_img3,-5581238.913376672,2.4738575185299694
seg14_iter54_img4,-5581240.216228788,2.307589857553511
seg14_iter54_img5,-5581240.153062404,0.33444067091653745
seg14_iter55_img1,-5581239.567311597,1.8986066483041395
seg14_iter55_img2,-5581239.368369742,2.0058293641520146
seg14_iter55_img3,-5581238.867445235,2.6234597827176453
seg14_iter55_img4,-5581240.188582774,2.314006373563905
seg14_iter55_img5,-5581240.15350075,0.33612800231284634
seg14_iter56_img1,-5581239.561117203,1.9670208727075382
seg14_iter56_img2,-5581239.344691401,2.3470868627328874
seg14_iter56_img3,-5581238.851040881,2.3841915824374276
seg14_iter56_img4,-5581240.144412901,2.392122647043232
seg14_iter56_img5,-5581240.153808978,0.3397459336931063
seg14_iter57_img1,-5581239.554774456,2.0119656419968397
seg14_iter57_img2,-5581239.366392187,1.9571026548516748
seg14_iter57_img3,-5581238.777650351,2.8405766119193583
seg14_iter57_img4,-5581240.12105774,2.2777469238850463
seg14_iter57_img5,-5581240.154537235,0.34137087156673473
seg14_iter58_img1,-5581239.553550119,2.0328028046880133
seg14_iter58_img2,-5581239.35509663,2.1283582818389575
seg14_iter58_img3,-5581238.793721374,2.6420840020692586
seg14_iter58_img4,-5581240.117599885,2.292894740400156
seg14_iter58_img5,-5581240.15430857,0.3428659117030517
seg14_iter59_img1,-5581239.551833303,2.0582484233752116
seg14_iter59_img2,-5581239.342334857,2.337115046261455
seg14_iter59_img3,-5581238.802773328,2.5015332076912142
seg14_iter59_img4,-5581240.116119209,2.288423998321844
seg14_iter59_img5,-5581240.153936715,0.345627732564167
seg14_iter60_img1,-5581239.551940472,2.0542260900276057
seg14_iter60_img2,-5581239.344900514,2.2986368682496017
seg14_iter60_img3,-5581238.798556844,2.541611461656681
seg14_iter60_img4,-5581240.116998017,2.2807963790272523
seg14_iter60_img5,-5581240.153934222,0.3458577539766612
seg14_iter61_img1,-5581239.552124958,2.047595085139114
seg14_iter61_img2,-5581239.349224245,2.2339449688569144
seg14_iter61_img3,-5581238.791117801,2.612746245679886
seg14_iter61_img4,-5581240.118415995,2.268977953398111
seg14_iter61_img5,-5581240.153925269,0.34576441749683584
seg14_iter62_img1,-5581239.552327415,2.0386383358832436
seg14_iter62_img2,-5581239.353950278,2.164146469834249
seg14_iter62_img3,-5581238.782471564,2.6921932028534563
seg14_iter62_img4,-5581240.119659118,2.255083542455208
seg14_iter62_img5,-5581240.153899943,0.3459882709916687
seg14_iter63_img1,-5581239.552317506,2.0386735610608615
seg14_iter63_img2,-5581239.353810483,2.166877562136191
seg14_iter63_img3,-5581238.782732678,2.688510052432003
seg14_iter63_img4,-5581240.119498638,2.2574802127976015
seg14_iter63_img5,-5581240.153895774,0.34601582552220234
seg14_iter64_img1,-5581239.552297675,2.0385999262907686
seg14_iter64_img2,-5581239.353541263,2.171684261583658
seg14_iter64_img3,-5581238.783233203,2.680457604726839
seg14_iter64_img4,-5581240.119184822,2.257417812847092
seg14_iter64_img5,-5581240.153887453,0.3462961663905437
seg14_iter65_img1,-5581239.552267941,2.0384008928364397
seg14_iter65_img2,-5581239.35316409,2.1776586609616846
seg14_iter65_img3,-5581238.783927118,2.6691847100594654
seg14_iter65_img4,-5581240.118730091,2.2590615427401004
seg14_iter65_img5,-5581240.153875299,0.34665323752418153
seg14_iter66_img1,-5581239.55222793,2.0378293227682303
seg14_iter66_img2,-5581239.352712924,2.1852589205538537
seg14_iter66_img3,-5581238.784745236,2.656084850300522
seg14_iter66_img4,-5581240.118154273,2.2621270181267596
seg14_iter66_img5,-5581240.15385989,0.34651238279900515
seg14_iter67_img1,-5581239.552177605,2.037152227801759
seg14_iter67_img2,-5581239.352233827,2.193745431330996
seg14_iter67_img3,-5581238.785597672,2.640968585442332
seg14_iter67_img4,-5581240.117483212,2.264830152397579
seg14_iter67_img5,-5581240.153841225,0.3467163750436159
seg14_iter68_img1,-5581239.552116479,2.036691568013101
seg14_iter68_img2,-5581239.351783165,2.201358311376729
seg14_iter68_img3,-5581238.786378554,2.6254007876208485
seg14_iter68_img4,-5581240.11675003,2.2660368950207066
seg14_iter68_img5,-5581240.153820994,0.34678663618161876
seg14_iter69_img1,-5581239.552044455,2.035849793204974
seg14_iter69_img2,-5581239.351419886,2.2083679983127946
seg14_iter69_img3,-5581238.786984927,2.6109064481932323
seg14_iter69_img4,-5581240.115990399,2.269775495796053
seg14_iter69_img5,-5581240.153799769,0.34696407768847704
seg14_iter70_img1,-5581239.55195161,2.0349820433084154
seg14_iter70_img2,-5581239.351176547,2.214014929319515
seg14_iter70_img3,-5581238.787359347,2.5970393937852774
seg14_iter70_img4,-5581240.115155033,2.270916107273788
seg14_iter70_img5,-5581240.153776011,0.34724816089375565
seg14_iter71_img1,-5581239.551833288,2.0338736808318063
seg14_iter71_img2,-5581239.351138381,2.2168556798801387
seg14_iter71_img3,-5581238.787362064,2.5851701749754783
seg14_iter71_img4,-5581240.114262427,2.2726340938216265
seg14_iter71_img5,-5581240.153750523,0.34783254378712264
seg14_iter72_img1,-5581239.551680999,2.0329605707467033
seg14_iter72_img2,-5581239.351384964,2.215678239730623
seg14_iter72_img3,-5581238.786865415,2.5759308831229055
seg14_iter72_img4,-5581240.113314094,2.2728076926054217
seg14_iter72_img5,-5581240.153724669,0.3477688481200399
seg14_iter73_img1,-5581239.551482373,2.0314794527494913
seg14_iter73_img2,-5581239.351987645,2.20918788829247
seg14_iter73_img3,-5581238.785794165,2.569875295394411
seg14_iter73_img4,-5581240.112280511,2.2728424145716066
seg14_iter73_img5,-5581240.153698158,0.3479389115958449
seg14_iter74_img1,-5581239.551218495,2.0309461375706843
seg14_iter74_img2,-5581239.352949701,2.198176110223566
seg14_iter74_img3,-5581238.784197161,2.5657742229474683
seg14_iter74_img4,-5581240.111064916,2.2719848558749103
seg14_iter74_img5,-5581240.153672015,0.34853210703238025
seg14_iter75_img1,-5581239.55086249,2.030156657510999
seg14_iter75_img2,-5581239.354173743,2.1834059652319926
seg14_iter75_img3,-5581238.782330238,2.5602245745436463
seg14_iter75_img4,-5581240.109466217,2.27215275126391
seg14_iter75_img5,-5581240.153645645,0.34856446292692567
seg14_iter76_img1,-5581239.550384282,2.030861154375181
seg14_iter76_img2,-5581239.355454261,2.169091166403346
seg14_iter76_img3,-5581238.780703488,2.547511381400586
seg14_iter76_img4,-5581240.107184397,2.27288773001875
seg14_iter76_img5,-5581240.153618368,0.34915289824672024
seg14_iter77_img1,-5581239.549755637,2.032079101873276
seg14_iter77_img2,-5581239.356584926,2.158131645861744
seg14_iter77_img3,-5581238.7798174,2.5218542318699946
seg14_iter77_img4,-5581240.103917872,2.276991466766643
seg14_iter77_img5,-5581240.153589363,0.3494981900477486
seg14_iter78_img1,-5581239.54895013,2.03504916930784
seg14_iter78_img2,-5581239.357588821,2.1506992236197324
seg14_iter78_img3,-5581238.779775571,2.4815516036623184
seg14_iter78_img4,-5581240.099465404,2.2854353194959565
seg14_iter78_img5,-5581240.153560643,0.3497652601315911
seg14_iter79_img1,-5581239.547944732,2.039076578327067
seg14_iter79_img2,-5581239.358906063,2.139994651854449
seg14_iter79_img3,-5581238.779881793,2.4350354362804536
seg14_iter79_img4,-5581240.093890962,2.2943773728026695
seg14_iter79_img5,-5581240.153538321,0.3503265422993971
seg14_iter80_img1,-5581239.546726676,2.0441747003088597
seg14_iter80_img2,-5581239.361303215,2.114265655592618
seg14_iter80_img3,-5581238.778798775,2.3961176235384274
seg14_iter80_img4,-5581240.087557628,2.301063707329441
seg14_iter80_img5,-5581240.153527487,0.3508595751861625
