P,Bandgap,Enthalpy,Total Energy,Theta,Phi,Length1,Length2,Length3,a,b,c,Volume,logi,logo,log1,log2,log3,loga,logb,logc,A_mass,B_mass,X_mass
0,1.8347,-15780.94093,-15780.94097,12.204446,8.111539,3.237995,3.259452,3.245837,9.064936,12.700443,8.736607,1005.834292,2.5018,2.093288,1.174954,1.181559,1.177373,2.204414,2.541637,2.167522,132.905,207.2,126.904
1,1.8334,-15780.87768,-15780.94044,12.205072,8.098574,3.237837,3.259461,3.244653,9.062661,12.70046,8.736206,1005.536923,2.501852,2.091688,1.174905,1.181562,1.177008,2.204163,2.541638,2.167476,132.905,207.2,126.904
2,1.8334,-15780.81492,-15780.94044,12.205072,8.098574,3.237837,3.259461,3.244653,9.062661,12.70046,8.736206,1005.536923,2.501852,2.091688,1.174905,1.181562,1.177008,2.204163,2.541638,2.167476,132.905,207.2,126.904
3,1.8334,-15780.75216,-15780.94044,12.205072,8.098574,3.237837,3.259461,3.244653,9.062661,12.70046,8.736206,1005.536923,2.501852,2.091688,1.174905,1.181562,1.177008,2.204163,2.541638,2.167476,132.905,207.2,126.904
4,1.8334,-15780.68939,-15780.94044,12.205072,8.098574,3.237837,3.259461,3.244653,9.062661,12.70046,8.736206,1005.536923,2.501852,2.091688,1.174905,1.181562,1.177008,2.204163,2.541638,2.167476,132.905,207.2,126.904
5,1.8334,-15780.62663,-15780.94044,12.205072,8.098574,3.237837,3.259461,3.244653,9.062661,12.70046,8.736206,1005.536923,2.501852,2.091688,1.174905,1.181562,1.177008,2.204163,2.541638,2.167476,132.905,207.2,126.904
6,1.8331,-15780.56469,-15780.94093,12.204183,8.118669,3.236855,3.258218,3.245229,9.062716,12.695618,8.73348,1004.846088,2.501779,2.094166,1.174602,1.18118,1.177186,2.204169,2.541257,2.167164,132.905,207.2,126.904
7,1.8323,-15780.50257,-15780.9411,12.203556,8.133523,3.235886,3.257082,3.245251,9.061887,12.691078,8.73064,1004.068272,2.501727,2.095994,1.174303,1.180832,1.177193,2.204077,2.540899,2.166839,132.905,207.2,126.904
8,1.831,-15780.44039,-15780.94106,12.20327,8.144707,3.234851,3.255912,3.244995,9.060436,12.686461,8.72771,1003.205493,2.501704,2.097368,1.173983,1.180472,1.177114,2.203917,2.540535,2.166503,132.905,207.2,126.904
9,1.8302,-15780.37786,-15780.94087,12.203345,8.144856,3.234405,3.255455,3.244604,9.059258,12.684708,8.726547,1002.802781,2.50171,2.097387,1.173845,1.180332,1.176993,2.203787,2.540397,2.16637,132.905,207.2,126.904
10,1.8294,-15780.31536,-15780.94065,12.203643,8.145482,3.233967,3.255015,3.24414,9.05801,12.682954,8.725286,1002.381144,2.501735,2.097463,1.17371,1.180197,1.17685,2.203649,2.540259,2.166225,132.905,207.2,126.904
11,1.8242,-15780.1917,-15780.9393,12.204059,8.182939,3.230217,3.25088,3.242543,9.051724,12.666354,8.714205,999.10401,2.501769,2.102051,1.172549,1.178926,1.176358,2.202955,2.538949,2.164954,132.905,207.2,126.904
12,1.8242,-15780.1917,-15780.9393,12.204059,8.182939,3.230217,3.25088,3.242543,9.051724,12.666354,8.714205,999.10401,2.501769,2.102051,1.172549,1.178926,1.176358,2.202955,2.538949,2.164954,132.905,207.2,126.904
13,1.8228,-15780.12937,-15780.93872,12.204546,8.183592,3.2295,3.250154,3.241843,9.049745,12.663507,8.712225,998.434147,2.501809,2.102131,1.172327,1.178702,1.176142,2.202737,2.538724,2.164727,132.905,207.2,126.904
14,1.8214,-15780.06708,-15780.93809,12.205182,8.184316,3.228784,3.249426,3.241144,9.047753,12.660661,8.710242,997.762896,2.501861,2.10222,1.172105,1.178478,1.175926,2.202516,2.5385,2.1645,132.905,207.2,126.904
15,1.8224,-15780.00834,-15780.93769,12.236686,8.4677,3.227051,3.246561,3.242866,9.056343,12.638609,8.68385,993.949834,2.504439,2.136259,1.171569,1.177596,1.176458,2.203465,2.536756,2.161465,132.905,207.2,126.904
16,1.822,-15779.94632,-15780.9368,12.248549,8.500086,3.226558,3.245912,3.242609,9.055797,12.634887,8.679696,993.121928,2.505407,2.140076,1.171416,1.177396,1.176378,2.203405,2.536462,2.160987,132.905,207.2,126.904
17,1.8214,-15779.88427,-15780.93593,12.258966,8.516456,3.226047,3.245294,3.242182,9.054445,12.63197,8.676816,992.415035,2.506258,2.142,1.171258,1.177206,1.176247,2.203256,2.536231,2.160655,132.905,207.2,126.904
18,1.8214,-15779.82232,-15780.93509,12.271424,8.544427,3.225704,3.244829,3.241929,9.053893,12.629059,8.673357,991.730211,2.507273,2.145279,1.171151,1.177063,1.176168,2.203195,2.536,2.160256,132.905,207.2,126.904
19,1.8299,-15779.76134,-15780.93991,12.276875,8.633618,3.231361,3.250001,3.244026,9.064839,12.645738,8.678,994.772821,2.507717,2.155664,1.172903,1.178655,1.176815,2.204403,2.53732,2.160791,132.905,207.2,126.904
20,1.8291,-15779.69937,-15780.93918,12.287929,8.634978,3.230762,3.249343,3.243514,9.062752,12.643318,8.676151,994.14152,2.508617,2.155821,1.172718,1.178453,1.176657,2.204173,2.537129,2.160578,132.905,207.2,126.904
21,1.8283,-15779.63745,-15780.93832,12.299048,8.637992,3.230055,3.248595,3.243001,9.06065,12.640394,8.673973,993.431753,2.509522,2.15617,1.172499,1.178223,1.176499,2.203941,2.536898,2.160327,132.905,207.2,126.904
22,1.8279,-15779.57565,-15780.93786,12.307053,8.644619,3.229828,3.248283,3.242473,9.059074,12.63908,8.672474,992.984015,2.510173,2.156937,1.172429,1.178127,1.176336,2.203767,2.536794,2.160154,132.905,207.2,126.904
23,1.8277,-15779.51393,-15780.93752,12.314157,8.653596,3.22976,3.248096,3.241908,9.057602,12.638222,8.671068,992.59433,2.51075,2.157975,1.172408,1.178069,1.176162,2.203604,2.536726,2.159992,132.905,207.2,126.904
24,1.8269,-15779.4521,-15780.93658,12.32554,8.656417,3.229074,3.247377,3.241441,9.055673,12.635405,8.668915,991.915372,2.511674,2.158301,1.172195,1.177847,1.176018,2.203391,2.536503,2.159744,132.905,207.2,126.904
25,1.8262,-15779.39026,-15780.93549,12.338622,8.658691,3.228296,3.246584,3.241089,9.053842,12.632286,8.666682,991.21463,2.512734,2.158564,1.171955,1.177603,1.17591,2.203189,2.536256,2.159486,132.905,207.2,126.904
26,1.8293,-15779.33355,-15780.93018,12.306288,9.271962,3.232385,3.247476,3.235557,9.053583,12.609042,8.62921,985.084731,2.51011,2.226995,1.17322,1.177878,1.174201,2.203161,2.534414,2.155153,132.905,207.2,126.904
27,1.8291,-15779.27194,-15780.92932,12.327163,9.268952,3.23225,3.247285,3.234867,9.051651,12.608731,8.62753,984.658559,2.511805,2.22667,1.173179,1.177819,1.173988,2.202947,2.53439,2.154958,132.905,207.2,126.904
28,1.8279,-15779.21033,-15780.92767,12.348773,9.257857,3.231514,3.246461,3.233884,9.048391,12.606624,8.624952,983.845459,2.513557,2.225473,1.172951,1.177565,1.173684,2.202587,2.534222,2.154659,132.905,207.2,126.904
29,1.8053,-15779.14055,-15780.92404,12.281976,8.365119,3.218462,3.23811,3.232969,9.02424,12.610521,8.667653,986.382116,2.508133,2.124071,1.168904,1.17499,1.173401,2.199914,2.534531,2.159598,132.905,207.2,126.904
30,1.801,-15779.07732,-15780.92225,12.250034,8.278824,3.217416,3.237477,3.231035,9.018741,12.611075,8.671963,986.314577,2.505529,2.113701,1.168579,1.174794,1.172803,2.199305,2.534575,2.160095,132.905,207.2,126.904
31,1.8013,-15779.01613,-15780.92194,12.26046,8.298046,3.21734,3.237304,3.231013,9.018695,12.609732,8.669978,985.978722,2.506379,2.11602,1.168555,1.174741,1.172796,2.1993,2.534469,2.159866,132.905,207.2,126.904
32,1.8011,-15778.95484,-15780.92118,12.269271,8.313064,3.21702,3.236902,3.23079,9.017988,12.607666,8.667762,985.487923,2.507098,2.117828,1.168455,1.174617,1.172727,2.199221,2.534305,2.159611,132.905,207.2,126.904
33,1.7989,-15778.89289,-15780.91948,12.263082,8.29491,3.216178,3.236135,3.229782,9.015079,12.605342,8.667011,984.903094,2.506593,2.115642,1.168194,1.17438,1.172415,2.198899,2.534121,2.159524,132.905,207.2,126.904
34,1.7989,-15778.8318,-15780.91868,12.274579,8.31527,3.215869,3.235714,3.229635,9.014533,12.603035,8.664388,984.365231,2.50753,2.118094,1.168098,1.17425,1.172369,2.198838,2.533938,2.159221,132.905,207.2,126.904
35,1.7969,-15778.77006,-15780.91688,12.271409,8.304614,3.215023,3.234907,3.228715,9.011859,12.600291,8.663009,983.702474,2.507272,2.116811,1.167834,1.174,1.172084,2.198541,2.53372,2.159062,132.905,207.2,126.904
36,1.7966,-15778.70885,-15780.91607,12.278977,8.315434,3.214728,3.234549,3.228469,9.011064,12.59855,8.661204,983.274864,2.507889,2.118113,1.167743,1.17389,1.172008,2.198453,2.533582,2.158854,132.905,207.2,126.904
37,1.7971,-15778.64815,-15780.91515,12.298002,8.350143,3.21448,3.234106,3.228474,9.010869,12.595693,8.657482,982.608078,2.509437,2.122279,1.167666,1.173753,1.17201,2.198432,2.533355,2.158424,132.905,207.2,126.904
38,1.7945,-15778.58612,-15780.91332,12.285084,8.319268,3.213585,3.233361,3.227346,9.007677,12.593859,8.657726,982.144727,2.508386,2.118574,1.167387,1.173522,1.17166,2.198077,2.533209,2.158452,132.905,207.2,126.904
39,1.8246,-15778.53655,-15780.91383,12.545633,9.308209,3.226311,3.241821,3.229373,9.030041,12.583225,8.604061,977.653945,2.529373,2.230897,1.171339,1.176135,1.172288,2.200557,2.532365,2.152234,132.905,207.2,126.904
40,1.824,-15778.47586,-15780.91262,12.555573,9.311326,3.224264,3.240731,3.230677,9.030388,12.575041,8.604045,977.053907,2.530165,2.231232,1.170705,1.175799,1.172692,2.200595,2.531714,2.152232,132.905,207.2,126.904
41,1.8238,-15778.41479,-15780.91081,12.577542,9.321449,3.224326,3.240469,3.229613,9.027968,12.57467,8.60084,976.399245,2.531913,2.232318,1.170724,1.175718,1.172362,2.200327,2.531684,2.15186,132.905,207.2,126.904
42,1.8233,-15778.35393,-15780.90956,12.590193,9.321219,3.223333,3.239844,3.229798,9.027119,12.570825,8.599884,975.900523,2.532918,2.232293,1.170416,1.175525,1.17242,2.200233,2.531379,2.151749,132.905,207.2,126.904
43,1.8231,-15778.29297,-15780.90752,12.613582,9.336343,3.223333,3.239545,3.228811,9.024861,12.56991,8.596291,975.17772,2.534774,2.233915,1.170416,1.175433,1.172114,2.199983,2.531306,2.151331,132.905,207.2,126.904
44,1.823,-15778.23224,-15780.9061,12.629891,9.343622,3.222363,3.238898,3.229141,9.024218,12.565687,8.594896,974.622528,2.536066,2.234694,1.170115,1.175233,1.172216,2.199912,2.53097,2.151169,132.905,207.2,126.904
45,1.8226,-15778.1714,-15780.90414,12.649349,9.352803,3.222005,3.238447,3.228477,9.022246,12.563737,8.592108,973.942338,2.537606,2.235676,1.170004,1.175094,1.172011,2.199693,2.530815,2.150844,132.905,207.2,126.904
46,1.8223,-15778.11065,-15780.90247,12.666696,9.359405,3.221409,3.237929,3.228255,9.020872,12.561017,8.590116,973.357483,2.538976,2.236382,1.169819,1.174934,1.171942,2.199541,2.530598,2.150612,132.905,207.2,126.904
47,1.8233,-15778.05039,-15780.90096,12.689872,9.40118,3.218673,3.236796,3.231542,9.024963,12.547758,8.589407,972.690635,2.540804,2.240835,1.168969,1.174584,1.172959,2.199994,2.529542,2.15053,132.905,207.2,126.904
48,1.8219,-15777.98936,-15780.89879,12.704425,9.384237,3.220005,3.236896,3.228107,9.01894,12.554031,8.585493,972.084373,2.54195,2.239031,1.169383,1.174615,1.171896,2.199327,2.530042,2.150074,132.905,207.2,126.904
49,1.823,-15777.92905,-15780.89678,12.732926,9.426138,3.218259,3.236029,3.230091,9.02103,12.544617,8.583227,971.324066,2.544191,2.243486,1.16884,1.174347,1.17251,2.199559,2.529292,2.14981,132.905,207.2,126.904
50,1.8214,-15777.86819,-15780.89513,12.740472,9.402469,3.21865,3.23583,3.227909,9.016747,12.547654,8.581267,970.876244,2.544784,2.240972,1.168962,1.174286,1.171834,2.199084,2.529534,2.149582,132.905,207.2,126.904
51,1.8224,-15777.8079,-15780.89293,12.769254,9.441099,3.217051,3.23499,3.2296,9.018385,12.53903,8.578775,970.103258,2.54704,2.245072,1.168465,1.174026,1.172358,2.199265,2.528846,2.149291,132.905,207.2,126.904
52,1.8232,-15777.74754,-15780.89103,12.799287,9.477589,3.216248,3.234727,3.230384,9.019683,12.533667,8.575575,969.466327,2.549389,2.24893,1.168216,1.173945,1.172601,2.199409,2.528418,2.148918,132.905,207.2,126.904
53,1.8231,-15777.68708,-15780.8889,12.819752,9.491962,3.215506,3.234192,3.230424,9.018885,12.529893,8.573172,968.817016,2.550987,2.250445,1.167985,1.173779,1.172614,2.199321,2.528117,2.148638,132.905,207.2,126.904
54,1.8218,-15777.62648,-15780.88685,12.827122,9.471133,3.21545,3.233578,3.228811,9.014575,12.53098,8.57159,968.259205,2.551562,2.248249,1.167967,1.173589,1.172114,2.198843,2.528204,2.148453,132.905,207.2,126.904
55,1.8218,-15777.56612,-15780.88471,12.852789,9.492386,3.215538,3.233544,3.227987,9.013288,12.530022,8.567839,967.623475,2.553561,2.25049,1.167995,1.173579,1.171859,2.1987,2.528128,2.148016,132.905,207.2,126.904
56,1.8229,-15777.50593,-15780.88225,12.88503,9.530194,3.214174,3.232858,3.229455,9.014854,12.522383,8.564947,966.875031,2.556066,2.254465,1.16757,1.173366,1.172314,2.198874,2.527518,2.147678,132.905,207.2,126.904
57,1.8213,-15777.44539,-15780.8804,12.889556,9.504314,3.214807,3.232655,3.226879,9.009671,12.526472,8.562994,966.414266,2.556417,2.251746,1.167767,1.173304,1.171515,2.198299,2.527844,2.14745,132.905,207.2,126.904
58,1.823,-15777.38536,-15780.87797,12.927615,9.555485,3.213264,3.232018,3.229051,9.012677,12.5173,8.55986,965.675239,2.559366,2.257115,1.167287,1.173107,1.172188,2.198632,2.527112,2.147084,132.905,207.2,126.904
59,1.8247,-15777.32528,-15780.87501,12.974937,9.621813,3.212395,3.231967,3.230368,9.015605,12.509789,8.554675,964.824656,2.56302,2.264033,1.167017,1.173091,1.172596,2.198957,2.526511,2.146478,132.905,207.2,126.904
60,1.8234,-15777.26503,-15780.873,12.982289,9.604488,3.212322,3.231482,3.228854,9.011923,12.510618,8.552997,964.305298,2.563586,2.26223,1.166994,1.172941,1.172127,2.198548,2.526578,2.146282,132.905,207.2,126.904
61,1.8234,-15777.20488,-15780.87066,13.004038,9.616602,3.211846,3.231055,3.228625,9.010805,12.508031,8.550364,963.689506,2.56526,2.263491,1.166846,1.172809,1.172056,2.198424,2.526371,2.145974,132.905,207.2,126.904
62,1.8223,-15777.1447,-15780.86824,13.015288,9.611198,3.211601,3.230552,3.227463,9.007793,12.507413,8.548246,963.081178,2.566125,2.262929,1.16677,1.172653,1.171696,2.19809,2.526322,2.145726,132.905,207.2,126.904
63,1.824,-15777.08472,-15780.86565,13.054625,9.657304,3.210561,3.230208,3.228939,9.010112,12.500514,8.544674,962.395504,2.569142,2.267714,1.166446,1.172546,1.172154,2.198348,2.52577,2.145308,132.905,207.2,126.904
64,1.8227,-15777.02462,-15780.86351,13.061771,9.642316,3.210461,3.229734,3.227499,9.006547,12.501077,8.543033,961.873247,2.56969,2.266161,1.166415,1.1724,1.171708,2.197952,2.525815,2.145116,132.905,207.2,126.904
65,1.8235,-15776.96468,-15780.86079,13.094277,9.672689,3.209856,3.229377,3.227947,9.006835,12.49685,8.539578,961.189812,2.572175,2.269306,1.166226,1.172289,1.171846,2.197984,2.525477,2.144712,132.905,207.2,126.904
66,1.824,-15776.90474,-15780.85806,13.122122,9.695617,3.209191,3.228979,3.228177,9.00671,12.492847,8.5365,960.522203,2.5743,2.271674,1.166019,1.172166,1.171918,2.19797,2.525156,2.144351,132.905,207.2,126.904
67,1.8226,-15776.84476,-15780.85598,13.127218,9.680181,3.208961,3.228468,3.226939,9.003514,12.492933,8.535155,960.036775,2.574688,2.270081,1.165947,1.172008,1.171534,2.197615,2.525163,2.144193,132.905,207.2,126.904
68,1.822,-15776.78484,-15780.85344,13.141811,9.680872,3.208685,3.228012,3.226088,9.001183,12.491828,8.532841,959.443193,2.575799,2.270152,1.165861,1.171867,1.17127,2.197356,2.525075,2.143922,132.905,207.2,126.904
69,1.8236,-15776.72509,-15780.85028,13.184844,9.728746,3.207814,3.227785,3.227217,9.003164,12.485464,8.528571,958.685411,2.579068,2.275085,1.16559,1.171796,1.17162,2.197576,2.524565,2.143422,132.905,207.2,126.904
70,1.822,-15776.66521,-15780.84804,13.186535,9.709537,3.207495,3.227156,3.225934,8.999677,12.485442,8.527476,958.189345,2.579196,2.273109,1.16549,1.171601,1.171223,2.197189,2.524563,2.143293,132.905,207.2,126.904
71,1.8224,-15776.60547,-15780.84504,13.216244,9.732882,3.206909,3.226756,3.226097,8.999382,12.481726,8.524167,957.501083,2.581447,2.27551,1.165307,1.171477,1.171273,2.197156,2.524266,2.142905,132.905,207.2,126.904
72,1.8242,-15776.54587,-15780.84183,13.267214,9.790589,3.206635,3.227026,3.226723,9.001634,12.47708,8.518538,956.75203,2.585296,2.281422,1.165222,1.171561,1.171467,2.197406,2.523893,2.142245,132.905,207.2,126.904
73,1.8244,-15776.48619,-15780.83905,13.291459,9.804913,3.206256,3.226672,3.226494,9.000634,12.474725,8.515673,956.143405,2.587122,2.282884,1.165104,1.171451,1.171396,2.197295,2.523705,2.141908,132.905,207.2,126.904
74,1.8243,-15776.42654,-15780.83627,13.31358,9.816953,3.20581,3.226317,3.226204,8.999634,12.47226,8.51291,955.538159,2.588785,2.284111,1.164965,1.171341,1.171306,2.197184,2.523507,2.141584,132.905,207.2,126.904
75,1.823,-15776.36683,-15780.8338,13.313103,9.795076,3.205128,3.225341,3.225433,8.996036,12.470971,8.512678,955.031498,2.588749,2.28188,1.164752,1.171039,1.171067,2.196784,2.523404,2.141557,132.905,207.2,126.904
76,1.8222,-15776.24768,-15780.82863,13.344759,9.801618,3.204314,3.224485,3.224482,8.992918,12.467436,8.508422,953.952541,2.591124,2.282547,1.164498,1.170773,1.170772,2.196437,2.52312,2.141056,132.905,207.2,126.904
77,1.8222,-15776.24768,-15780.82863,13.344759,9.801618,3.204314,3.224485,3.224482,8.992918,12.467436,8.508422,953.952541,2.591124,2.282547,1.164498,1.170773,1.170772,2.196437,2.52312,2.141056,132.905,207.2,126.904
78,1.8243,-15776.18865,-15780.82369,13.448977,9.938541,3.204847,3.226916,3.224717,9.002763,12.46118,8.493391,952.831507,2.598903,2.29642,1.164664,1.171527,1.170845,2.197532,2.522618,2.139288,132.905,207.2,126.904
79,1.8239,-15775.89179,-15780.80828,13.563972,9.998404,3.202831,3.225206,3.223059,8.997711,12.449688,8.47879,949.78296,2.607417,2.302425,1.164035,1.170997,1.170331,2.19697,2.521696,2.137568,132.905,207.2,126.904
80,1.8243,-15776.06971,-15780.8175,13.485615,9.945277,3.20381,3.225573,3.224159,8.998474,12.456713,8.489518,951.602094,2.601624,2.297098,1.164341,1.171111,1.170672,2.197055,2.52226,2.138832,132.905,207.2,126.904
81,1.8239,-15776.0104,-15780.81494,13.511803,9.963585,3.203455,3.225668,3.223871,8.999362,12.454288,8.485712,951.084034,2.603564,2.298937,1.16423,1.17114,1.170583,2.197154,2.522065,2.138384,132.905,207.2,126.904
82,1.8241,-15775.95101,-15780.81142,13.532319,9.970471,3.20303,3.224953,3.223534,8.996725,12.452151,8.4836,950.405762,2.605081,2.299628,1.164097,1.170918,1.170478,2.196861,2.521893,2.138135,132.905,207.2,126.904
83,1.8239,-15775.89179,-15780.80828,13.563972,9.998404,3.202831,3.225206,3.223059,8.997711,12.449688,8.47879,949.78296,2.607417,2.302425,1.164035,1.170997,1.170331,2.19697,2.521696,2.137568,132.905,207.2,126.904
84,1.824,-15775.83244,-15780.80511,13.578123,9.993972,3.202187,3.224282,3.222907,8.994728,12.447435,8.4779,949.196677,2.60846,2.301982,1.163834,1.17071,1.170284,2.196639,2.521515,2.137463,132.905,207.2,126.904
85,1.8238,-15775.77326,-15780.80165,13.6071,10.015283,3.201954,3.22423,3.222394,8.994514,12.445235,8.473707,948.536978,2.610592,2.304112,1.163761,1.170694,1.170125,2.196615,2.521338,2.136968,132.905,207.2,126.904
86,1.8215,-15775.71431,-15780.79871,13.633293,10.035893,3.201448,3.224805,3.221479,8.997984,12.442286,8.467151,947.943977,2.612515,2.306168,1.163603,1.170873,1.169841,2.197001,2.521101,2.136194,132.905,207.2,126.904
87,1.8182,-15775.65546,-15780.79616,13.66946,10.072959,3.19993,3.225741,3.221957,9.008277,12.434658,8.457937,947.414422,2.615164,2.309854,1.163129,1.171163,1.169989,2.198144,2.520488,2.135105,132.905,207.2,126.904
88,1.8216,-15775.59607,-15780.79249,13.681926,10.062952,3.200775,3.224268,3.22096,8.996825,12.438033,8.46093,946.801812,2.616076,2.308861,1.163393,1.170706,1.169679,2.196872,2.520759,2.135459,132.905,207.2,126.904
89,1.8177,-15775.53734,-15780.78998,13.714091,10.091446,3.199741,3.225355,3.220496,9.005993,12.432861,8.451178,946.280503,2.618424,2.311688,1.16307,1.171043,1.169535,2.19789,2.520343,2.134306,132.905,207.2,126.904
90,1.8196,-15775.47815,-15780.78623,13.731949,10.092723,3.199652,3.224226,3.220276,8.999735,12.432149,8.45183,945.64182,2.619725,2.311815,1.163042,1.170693,1.169467,2.197195,2.520286,2.134383,132.905,207.2,126.904
91,1.821,-15775.419,-15780.78217,13.75112,10.098254,3.199429,3.223311,3.219944,8.994281,12.43066,8.451822,944.954599,2.62112,2.312363,1.162972,1.170409,1.169364,2.196589,2.520166,2.134382,132.905,207.2,126.904
92,1.8115,-15775.36068,-15780.78061,13.782196,10.135359,3.198385,3.226412,3.217761,9.012735,12.425543,8.43447,944.560562,2.623378,2.31603,1.162646,1.171371,1.168686,2.198639,2.519754,2.132327,132.905,207.2,126.904
93,1.8093,-15775.18405,-15780.77233,13.817402,10.120893,3.196318,3.224561,3.21718,9.009408,12.418689,8.429472,943.131882,2.625929,2.314602,1.161999,1.170797,1.168505,2.198269,2.519203,2.131734,132.905,207.2,126.904
94,1.8136,-15775.24286,-15780.77337,13.836966,10.159676,3.197379,3.224861,3.218433,9.010072,12.420073,8.429575,943.31795,2.627344,2.318427,1.162332,1.17089,1.168894,2.198343,2.519314,2.131746,132.905,207.2,126.904
95,1.8093,-15775.18405,-15780.77233,13.817402,10.120893,3.196318,3.224561,3.21718,9.009408,12.418689,8.429472,943.131882,2.625929,2.314602,1.161999,1.170797,1.168505,2.198269,2.519203,2.131734,132.905,207.2,126.904
96,1.8109,-15775.12528,-15780.76591,13.874827,10.176516,3.196882,3.224842,3.21615,9.008315,12.41724,8.421821,942.051478,2.630076,2.320083,1.162176,1.170884,1.168185,2.198148,2.519086,2.130826,132.905,207.2,126.904
97,1.8104,-15775.0665,-15780.76397,13.884543,10.169039,3.195909,3.224231,3.216571,9.008179,12.41404,8.421224,941.72775,2.630776,2.319348,1.161872,1.170694,1.168316,2.198133,2.518828,2.130755,132.905,207.2,126.904
98,1.8142,-15774.83176,-15780.74661,14.011257,10.246359,3.194388,3.222152,3.216746,9.003282,12.403081,8.408146,938.924562,2.639861,2.326922,1.161396,1.170049,1.16837,2.197589,2.517945,2.129201,132.905,207.2,126.904
99,1.809,-15774.94911,-15780.75862,13.910428,10.165275,3.194746,3.223302,3.216118,9.006819,12.409935,8.417317,940.837456,2.632639,2.318978,1.161507,1.170406,1.168175,2.197982,2.518497,2.130291,132.905,207.2,126.904
100,1.8081,-15774.89047,-15780.7551,13.92892,10.170743,3.193961,3.222917,3.215923,9.007203,12.406678,8.414002,940.260268,2.633967,2.319515,1.161262,1.170287,1.168114,2.198025,2.518235,2.129897,132.905,207.2,126.904
101,1.8142,-15774.83176,-15780.74661,14.011257,10.246359,3.194388,3.222152,3.216746,9.003282,12.403081,8.408146,938.924562,2.639861,2.326922,1.161396,1.170049,1.16837,2.197589,2.517945,2.129201,132.905,207.2,126.904
102,1.8076,-15774.7733,-15780.74761,13.975687,10.192657,3.193048,3.222222,3.215382,9.006065,12.401846,8.407562,939.055992,2.637319,2.321668,1.160976,1.170071,1.167946,2.197898,2.517845,2.129132,132.905,207.2,126.904
103,1.8068,-15774.71475,-15780.74369,13.989222,10.192097,3.192127,3.22149,3.21524,9.00496,12.398372,8.405436,938.440361,2.638287,2.321613,1.160687,1.169844,1.167902,2.197776,2.517565,2.128879,132.905,207.2,126.904
104,1.8103,-15774.65628,-15780.73596,14.069945,10.271894,3.193743,3.222302,3.213785,9.002868,12.39931,8.39598,937.237857,2.644041,2.329411,1.161194,1.170096,1.167449,2.197543,2.517641,2.127753,132.905,207.2,126.904
105,1.7956,-15774.59858,-15780.73392,14.025798,10.195227,3.191172,3.221822,3.210751,9.016716,12.395873,8.381478,936.798245,2.640898,2.32192,1.160388,1.169947,1.166505,2.19908,2.517364,2.126024,132.905,207.2,126.904
106,1.8082,-15774.5394,-15780.73309,14.074249,10.243025,3.192027,3.221172,3.214079,9.002726,12.394765,8.395165,936.78855,2.644347,2.326597,1.160656,1.169745,1.167541,2.197527,2.517274,2.127656,132.905,207.2,126.904
107,1.8,-15774.48147,-15780.72815,14.091978,10.24778,3.19093,3.222093,3.211603,9.012856,12.391176,8.380786,935.965196,2.645606,2.327061,1.160312,1.170031,1.16677,2.198652,2.516985,2.125942,132.905,207.2,126.904
108,1.8027,-15774.42301,-15780.72512,14.123821,10.267942,3.190271,3.221547,3.2129,9.011164,12.387127,8.381148,935.524129,2.647863,2.329027,1.160106,1.169862,1.167174,2.198464,2.516658,2.125985,132.905,207.2,126.904
109,1.7917,-15774.36517,-15780.71973,14.082604,10.198532,3.189513,3.220217,3.208228,9.012731,12.38956,8.370233,934.651715,2.64494,2.322244,1.159868,1.169449,1.165719,2.198638,2.516854,2.124682,132.905,207.2,126.904
110,1.8081,-15774.30622,-15780.71121,14.210815,10.338866,3.191505,3.220751,3.210836,8.99873,12.386641,8.374989,933.510109,2.654003,2.33591,1.160493,1.169615,1.166531,2.197083,2.516619,2.12525,132.905,207.2,126.904
111,1.7927,-15774.24893,-15780.7109,14.167469,10.243731,3.189872,3.219962,3.207426,9.015891,12.388501,8.356065,933.317138,2.650948,2.326666,1.159981,1.16937,1.165469,2.198989,2.516769,2.122988,132.905,207.2,126.904
112,1.7922,-15774.19054,-15780.70744,14.172966,10.25134,3.18874,3.219899,3.207364,9.012577,12.383361,8.358374,932.844705,2.651336,2.327408,1.159626,1.16935,1.165449,2.198621,2.516354,2.123264,132.905,207.2,126.904
113,1.7922,-15774.13253,-15780.70313,14.210243,10.26672,3.188759,3.219594,3.206981,9.014681,12.382746,8.351104,932.204514,2.653963,2.328908,1.159632,1.169255,1.16533,2.198854,2.516304,2.122394,132.905,207.2,126.904
114,1.8122,-15774.07325,-15780.69538,14.321006,10.400061,3.190937,3.21944,3.210364,8.991743,12.38021,8.365834,931.281871,2.661727,2.341812,1.160315,1.169208,1.166384,2.196307,2.516099,2.124156,132.905,207.2,126.904
115,1.7921,-15774.01654,-15780.6948,14.261911,10.278592,3.188918,3.218571,3.20561,9.013003,12.382859,8.341746,930.995111,2.657592,2.330063,1.159682,1.168937,1.164902,2.198668,2.516313,2.121273,132.905,207.2,126.904
116,1.7923,-15773.9583,-15780.68991,14.288656,10.309158,3.188153,3.218922,3.205493,9.011536,12.377727,8.340691,930.340036,2.659466,2.333033,1.159442,1.169046,1.164866,2.198505,2.515899,2.121146,132.905,207.2,126.904
117,1.7912,-15773.9004,-15780.68636,14.308754,10.309008,3.187505,3.218334,3.20545,9.013179,12.375491,8.336116,929.831308,2.660872,2.333018,1.159238,1.168864,1.164853,2.198688,2.515718,2.120597,132.905,207.2,126.904
118,1.801,-15773.84172,-15780.68074,14.38047,10.39851,3.188552,3.21931,3.206622,9.001853,12.372518,8.342607,929.162733,2.665871,2.341662,1.159567,1.169167,1.165218,2.19743,2.515478,2.121376,132.905,207.2,126.904
119,1.7902,-15773.78453,-15780.67827,14.351128,10.323287,3.186683,3.217703,3.204688,9.012616,12.371573,8.329279,928.716534,2.663829,2.334402,1.158981,1.168668,1.164615,2.198625,2.515401,2.119777,132.905,207.2,126.904
120,1.7903,-15773.72667,-15780.67398,14.37971,10.337251,3.186459,3.217485,3.204383,9.012681,12.369897,8.325099,928.131426,2.665818,2.335754,1.15891,1.1686,1.16452,2.198633,2.515266,2.119275,132.905,207.2,126.904
121,1.7903,-15773.66884,-15780.66944,14.407859,10.350645,3.186151,3.217244,3.204059,9.01262,12.36793,8.320985,927.519074,2.667774,2.337049,1.158814,1.168525,1.164418,2.198626,2.515107,2.118781,132.905,207.2,126.904
122,1.7891,-15773.61101,-15780.66596,14.418663,10.348233,3.185597,3.216825,3.203606,9.012079,12.36604,8.318573,927.052775,2.668523,2.336816,1.15864,1.168395,1.164277,2.198566,2.514954,2.118491,132.905,207.2,126.904
123,1.7889,-15773.55324,-15780.66167,14.443435,10.358813,3.185245,3.216561,3.203297,9.012037,12.364085,8.31481,926.482632,2.67024,2.337838,1.158529,1.168313,1.164181,2.198561,2.514796,2.118038,132.905,207.2,126.904
124,1.8021,-15773.49452,-15780.65264,14.550451,10.49462,3.186496,3.218046,3.205142,8.998746,12.358477,8.321502,925.440859,2.677622,2.350863,1.158922,1.168774,1.164757,2.197085,2.514342,2.118843,132.905,207.2,126.904
125,1.7885,-15773.43783,-15780.6528,14.494948,10.381004,3.184635,3.216057,3.202589,9.011746,12.360467,8.307057,925.318033,2.6738,2.339978,1.158338,1.168156,1.16396,2.198529,2.514503,2.117105,132.905,207.2,126.904
126,1.7884,-15773.38019,-15780.64836,14.521261,10.392311,3.184364,3.215791,3.202247,9.011768,12.358791,8.302979,924.740557,2.675614,2.341066,1.158253,1.168073,1.163853,2.198531,2.514368,2.116614,132.905,207.2,126.904
127,1.8129,-15773.32077,-15780.64065,14.627654,10.536922,3.18632,3.215311,3.207201,8.982726,12.353919,8.326388,923.994835,2.682914,2.354885,1.158867,1.167924,1.165399,2.195303,2.513973,2.11943,132.905,207.2,126.904
128,1.8025,-15773.26394,-15780.63438,14.660343,10.542236,3.184833,3.216565,3.204893,8.999462,12.349328,8.305955,923.101465,2.685146,2.35539,1.1584,1.168314,1.164679,2.197165,2.513602,2.116973,132.905,207.2,126.904
129,1.8127,-15773.2056,-15780.62881,14.712223,10.594808,3.186118,3.215906,3.205964,8.985351,12.349619,8.313415,922.503594,2.688679,2.360364,1.158803,1.168109,1.165013,2.195596,2.513625,2.117871,132.905,207.2,126.904
130,1.7865,-15773.15081,-15780.63343,14.555567,10.273839,3.182955,3.208237,3.201587,9.006875,12.362107,8.287134,922.722288,2.677974,2.329601,1.15781,1.165721,1.163647,2.197988,2.514636,2.114704,132.905,207.2,126.904
131,1.803,-15773.09129,-15780.62133,14.733097,10.574658,3.184073,3.215767,3.204053,8.997484,12.344376,8.296542,921.483117,2.690096,2.35846,1.158161,1.168066,1.164417,2.196945,2.513201,2.115839,132.905,207.2,126.904
132,1.7928,-15773.03525,-15780.6175,14.747213,10.507716,3.184069,3.214675,3.200766,9.011919,12.350685,8.273214,920.83669,2.691054,2.35211,1.15816,1.167726,1.16339,2.198548,2.513712,2.113023,132.905,207.2,126.904
133,1.7864,-15772.97864,-15780.61915,14.631886,10.29223,3.182558,3.206778,3.200145,9.005068,12.359736,8.274305,920.932355,2.683203,2.331389,1.157685,1.165267,1.163196,2.197788,2.514444,2.113155,132.905,207.2,126.904
134,1.788,-15772.92048,-15780.61071,14.75499,10.488451,3.1827,3.213855,3.199459,9.01376,12.347115,8.266437,920.004329,2.691581,2.350275,1.15773,1.167471,1.162982,2.198752,2.513422,2.112204,132.905,207.2,126.904
135,1.7844,-15772.86319,-15780.60859,14.717544,10.436054,3.181511,3.212289,3.198455,9.00936,12.345958,8.268867,919.739248,2.68904,2.345267,1.157356,1.166984,1.162668,2.198264,2.513329,2.112497,132.905,207.2,126.904
136,1.7866,-15772.80676,-15780.60384,14.746535,10.359007,3.181168,3.207374,3.19997,9.009548,12.350429,8.259653,919.06631,2.691008,2.337856,1.157248,1.165453,1.163141,2.198285,2.513691,2.111383,132.905,207.2,126.904
137,1.8012,-15772.74716,-15780.59228,14.890595,10.647933,3.182888,3.215075,3.200789,8.996647,12.335512,8.27173,917.982174,2.70073,2.365366,1.157789,1.167851,1.163397,2.196852,2.512482,2.112844,132.905,207.2,126.904
138,1.7881,-15772.69269,-15780.59705,14.805891,10.339839,3.180823,3.205224,3.200745,9.012108,12.350962,8.24918,918.201372,2.695025,2.336004,1.15714,1.164782,1.163384,2.198569,2.513734,2.110114,132.905,207.2,126.904
139,1.794,-15772.63407,-15780.58417,14.924442,10.590912,3.181985,3.212917,3.198873,9.007036,12.3374,8.250947,916.873361,2.703,2.359996,1.157505,1.167179,1.162799,2.198006,2.512635,2.110328,132.905,207.2,126.904
140,1.7936,-15772.57691,-15780.57958,14.947275,10.598742,3.18168,3.212683,3.198498,9.006747,12.33579,8.247495,916.340699,2.704529,2.360735,1.157409,1.167107,1.162681,2.197974,2.512505,2.10991,132.905,207.2,126.904
141,1.7926,-15772.51977,-15780.5752,14.964444,10.603703,3.181206,3.212522,3.198016,9.007059,12.333751,8.244052,915.838594,2.705677,2.361203,1.15726,1.167056,1.162531,2.198009,2.51234,2.109492,132.905,207.2,126.904
142,1.7935,-15772.46325,-15780.56865,15.04271,10.615978,3.182032,3.212027,3.197767,9.014138,12.337003,8.228104,915.026436,2.710894,2.36236,1.15752,1.166902,1.162453,2.198794,2.512603,2.107556,132.905,207.2,126.904
143,1.7965,-15772.40642,-15780.56174,15.108284,10.642828,3.182697,3.211579,3.197809,9.01466,12.338013,8.219734,914.223451,2.715243,2.364886,1.157729,1.166763,1.162466,2.198852,2.512685,2.106538,132.905,207.2,126.904
144,1.7904,-15772.34938,-15780.56048,15.067921,10.603488,3.181297,3.211017,3.196499,9.015488,12.335462,8.219392,914.08032,2.712568,2.361183,1.157289,1.166588,1.162056,2.198944,2.512478,2.106496,132.905,207.2,126.904
145,1.8,-15772.29292,-15780.54832,15.198275,10.660574,3.18337,3.209654,3.197294,9.013079,12.339854,8.206023,912.674541,2.721182,2.366552,1.15794,1.166163,1.162305,2.198677,2.512834,2.104868,132.905,207.2,126.904
146,1.7974,-15772.23745,-15780.55053,15.1303,10.425082,3.187077,3.201966,3.192698,8.998664,12.370744,8.199368,912.754985,2.716699,2.344215,1.159104,1.163765,1.160866,2.197076,2.515334,2.104057,132.905,207.2,126.904
147,1.7959,-15772.18651,-15780.53364,15.746261,9.961003,3.18412,3.200381,3.197729,9.05923,12.396624,8.105223,910.247897,2.756603,2.298678,1.158176,1.16327,1.162441,2.203784,2.517424,2.092509,132.905,207.2,126.904
148,1.7964,-15772.12983,-15780.52851,15.777009,9.967276,3.183971,3.199948,3.197588,9.059427,12.395813,8.100507,909.678584,2.758554,2.299307,1.158129,1.163134,1.162397,2.203806,2.517359,2.091927,132.905,207.2,126.904
149,1.816,-15772.07447,-15780.50513,16.268034,10.049869,3.184484,3.206516,3.202343,9.074798,12.39402,8.064319,907.020066,2.789202,2.30756,1.15829,1.165185,1.163883,2.205501,2.517214,2.087449,132.905,207.2,126.904
150,1.784,-15772.00885,-15780.54003,15.086306,10.455902,3.176489,3.203194,3.196603,9.012029,12.327721,8.206364,911.708854,2.713787,2.347167,1.155777,1.164148,1.162089,2.19856,2.51185,2.10491,132.905,207.2,126.904
151,1.787,-15771.95272,-15780.5259,15.152021,10.452258,3.178802,3.200432,3.193915,9.004301,12.337202,8.192915,910.133609,2.718134,2.346818,1.156504,1.163286,1.161248,2.197702,2.512619,2.10327,132.905,207.2,126.904
152,1.7831,-15771.89557,-15780.53252,15.118344,10.441461,3.175692,3.201625,3.196557,9.013061,12.325982,8.198969,910.863036,2.715909,2.345785,1.155526,1.163658,1.162074,2.198675,2.511709,2.104008,132.905,207.2,126.904
153,1.799,-15771.84816,-15780.49335,16.157267,9.92614,3.182452,3.202459,3.196176,9.0707,12.394457,8.056617,905.776454,2.78237,2.295172,1.157652,1.163919,1.161955,2.205049,2.517249,2.086494,132.905,207.2,126.904
154,1.8202,-15771.79173,-15780.47446,16.459445,10.14009,3.184715,3.205409,3.201727,9.082457,12.390447,8.031282,903.805869,2.800899,2.316497,1.158363,1.16484,1.16369,2.206345,2.516926,2.083344,132.905,207.2,126.904
155,1.7997,-15771.73472,-15780.48614,16.105037,9.970103,3.182355,3.198564,3.196624,9.069102,12.391314,8.05382,905.072946,2.779132,2.299591,1.157622,1.162702,1.162095,2.204873,2.516996,2.086147,132.905,207.2,126.904
156,1.8019,-15771.67921,-15780.47469,16.316638,9.937686,3.182049,3.202677,3.195831,9.073973,12.392906,8.037147,903.800499,2.792185,2.296334,1.157525,1.163987,1.161847,2.20541,2.517124,2.084074,132.905,207.2,126.904
157,1.8083,-15771.62287,-15780.46078,16.436882,10.007142,3.180756,3.202173,3.199037,9.081496,12.384078,8.023568,902.378225,2.799528,2.303299,1.157119,1.16383,1.16285,2.206239,2.516412,2.082383,132.905,207.2,126.904
158,1.7861,-15771.55697,-15780.49129,15.338756,10.491242,3.17634,3.198088,3.192934,9.009185,12.326302,8.162454,906.439926,2.730383,2.350541,1.15573,1.162553,1.16094,2.198245,2.511735,2.099545,132.905,207.2,126.904
159,1.8058,-15771.51066,-15780.45366,16.488291,9.971273,3.181799,3.20329,3.195352,9.075557,12.390431,8.017975,901.621769,2.80265,2.299708,1.157447,1.164178,1.161697,2.205585,2.516924,2.081686,132.905,207.2,126.904
160,1.8098,-15771.45399,-15780.44295,16.512415,10.068151,3.179477,3.201286,3.199316,9.082796,12.375568,8.012014,900.588452,2.804113,2.309377,1.156717,1.163553,1.162937,2.206382,2.515724,2.080942,132.905,207.2,126.904
161,1.7875,-15771.38786,-15780.47534,15.41149,10.505518,3.176505,3.196732,3.191297,9.003641,12.326122,8.152779,904.79521,2.735113,2.351901,1.155782,1.162129,1.160427,2.197629,2.511721,2.098359,132.905,207.2,126.904
162,1.8093,-15771.34188,-15780.43246,16.583454,10.014104,3.179606,3.200301,3.197819,9.082178,12.380001,8.000237,899.525633,2.808405,2.303995,1.156757,1.163245,1.162469,2.206314,2.516082,2.079471,132.905,207.2,126.904
163,1.804,-15771.28577,-15780.43588,16.524252,9.977932,3.180526,3.200443,3.194672,9.077042,12.385647,8.004075,899.858417,2.804829,2.300376,1.157047,1.163289,1.161484,2.205748,2.516538,2.079951,132.905,207.2,126.904
164,1.8135,-15771.22974,-15780.41962,16.666185,10.104086,3.178622,3.201082,3.199081,9.082216,12.37044,7.99514,898.262088,2.813382,2.31294,1.156448,1.163489,1.162863,2.206318,2.51531,2.078834,132.905,207.2,126.904
165,1.7827,-15771.16242,-15780.46185,15.490876,10.535175,3.1726,3.197694,3.192639,9.016512,12.309848,8.139718,903.442718,2.740251,2.35472,1.154552,1.16243,1.160848,2.199058,2.5104,2.096756,132.905,207.2,126.904
166,1.8226,-15771.11741,-15780.40349,16.796402,10.191051,3.180632,3.200092,3.200306,9.087666,12.373442,7.974783,896.730206,2.821165,2.32151,1.15708,1.163179,1.163246,2.206918,2.515552,2.076284,132.905,207.2,126.904
167,1.8279,-15771.06177,-15780.3899,16.946965,10.177886,3.185081,3.201542,3.196022,9.080206,12.391954,7.957635,895.404954,2.830089,2.320217,1.158478,1.163633,1.161907,2.206097,2.517047,2.074132,132.905,207.2,126.904
168,1.8223,-15771.00608,-15780.39225,16.882177,10.181386,3.184684,3.202389,3.193533,9.073764,12.389612,7.9666,895.608462,2.826258,2.320561,1.158353,1.163897,1.161128,2.205387,2.516858,2.075258,132.905,207.2,126.904
169,1.8264,-15770.9499,-15780.37933,16.95649,10.227764,3.184919,3.201489,3.194357,9.076845,12.388021,7.954318,894.416491,2.830651,2.325106,1.158427,1.163616,1.161386,2.205727,2.51673,2.073715,132.905,207.2,126.904
170,1.8252,-15770.89446,-15780.37321,17.030117,10.174158,3.18282,3.202125,3.195127,9.08109,12.383767,7.94788,893.80348,2.834983,2.319851,1.157768,1.163815,1.161627,2.206194,2.516386,2.072905,132.905,207.2,126.904
171,1.8087,-15770.83861,-15780.38617,16.827232,10.037391,3.178745,3.199662,3.19364,9.081263,12.376395,7.963266,895.017804,2.822999,2.306317,1.156487,1.163045,1.161161,2.206213,2.515791,2.074839,132.905,207.2,126.904
172,1.8084,-15770.78256,-15780.38306,16.807063,10.035458,3.178584,3.197906,3.193707,9.081042,12.375989,7.961311,894.746905,2.821799,2.306125,1.156436,1.162496,1.161182,2.206189,2.515758,2.074594,132.905,207.2,126.904
173,1.8088,-15770.72706,-15780.37462,16.868277,10.04543,3.178131,3.198614,3.193299,9.08132,12.373773,7.95528,893.936242,2.825435,2.307118,1.156293,1.162718,1.161055,2.20622,2.515579,2.073836,132.905,207.2,126.904
174,1.8123,-15770.6716,-15780.36432,16.984759,10.066197,3.178611,3.200242,3.193088,9.083559,12.374721,7.944032,892.960865,2.832316,2.309183,1.156444,1.163226,1.160989,2.206466,2.515656,2.072421,132.905,207.2,126.904
175,1.8117,-15770.61587,-15780.36005,16.988755,10.068879,3.178197,3.199546,3.193015,9.083869,12.373053,7.941362,892.57087,2.832552,2.309449,1.156314,1.163009,1.160966,2.2065,2.515521,2.072085,132.905,207.2,126.904
176,1.825,-15770.55964,-15780.34198,17.09729,10.22476,3.177905,3.197449,3.19822,9.090443,12.362383,7.9283,890.97872,2.83892,2.324812,1.156222,1.162353,1.162594,2.207224,2.514658,2.070439,132.905,207.2,126.904
177,1.812,-15770.50464,-15780.34845,17.037595,10.079245,3.17766,3.198863,3.192703,9.084427,12.370604,7.932988,891.507967,2.835422,2.310478,1.156145,1.162795,1.160868,2.206562,2.515323,2.07103,132.905,207.2,126.904
178,1.8223,-15770.44845,-15780.32738,17.131272,10.208399,3.176204,3.196351,3.197189,9.089149,12.357061,7.921178,889.668505,2.840906,2.323211,1.155687,1.16201,1.162272,2.207081,2.514228,2.06954,132.905,207.2,126.904
179,1.8135,-15770.39364,-15780.33567,17.116077,10.091547,3.177383,3.19886,3.1924,9.085733,12.369129,7.922446,890.345168,2.840018,2.311698,1.156058,1.162795,1.160773,2.206705,2.515204,2.0697,132.905,207.2,126.904
180,1.8175,-15770.33796,-15780.32801,17.176191,10.124336,3.17743,3.198385,3.193855,9.090464,12.367677,7.913295,889.675361,2.843524,2.314942,1.156073,1.162646,1.161229,2.207226,2.515086,2.068544,132.905,207.2,126.904
181,1.8209,-15770.28215,-15780.3102,17.205237,10.214538,3.175435,3.196458,3.195519,9.08871,12.354049,7.90979,888.129932,2.845214,2.323812,1.155445,1.162043,1.16175,2.207033,2.513984,2.068101,132.905,207.2,126.904
182,1.8357,-15770.22609,-15780.30391,17.254662,10.324067,3.178488,3.19368,3.198556,9.08381,12.358592,7.906735,887.634663,2.848082,2.334478,1.156406,1.161174,1.162699,2.206494,2.514352,2.067715,132.905,207.2,126.904
183,1.8161,-15770.1719,-15780.31023,17.243785,10.119975,3.176527,3.197873,3.192217,9.088298,12.364721,7.902875,888.079841,2.847452,2.314511,1.155788,1.162486,1.160716,2.206988,2.514847,2.067227,132.905,207.2,126.904
184,1.8184,-15770.11663,-15780.30074,17.319935,10.145858,3.176746,3.198826,3.191961,9.08886,12.364155,7.895306,887.243494,2.851858,2.317066,1.155857,1.162784,1.160635,2.207049,2.514802,2.066268,132.905,207.2,126.904
185,1.8196,-15770.06104,-15780.29654,17.322352,10.166589,3.175727,3.197416,3.193781,9.093916,12.359187,7.891029,886.899583,2.851998,2.319107,1.155536,1.162343,1.161206,2.207606,2.5144,2.065726,132.905,207.2,126.904
186,1.8337,-15770.00535,-15780.27913,17.399475,10.322172,3.176626,3.19511,3.197097,9.088002,12.352317,7.887512,885.435389,2.85644,2.334294,1.15582,1.161622,1.162243,2.206955,2.513844,2.065281,132.905,207.2,126.904
187,1.8419,-15769.9491,-15780.26931,17.428043,10.3582,3.178853,3.191473,3.198083,9.086252,12.358858,7.878161,884.683508,2.858081,2.337778,1.15652,1.160483,1.162552,2.206762,2.514373,2.064094,132.905,207.2,126.904
188,1.8233,-15769.89555,-15780.27116,17.450712,10.254537,3.174264,3.198426,3.193926,9.092181,12.348008,7.880055,884.696281,2.85938,2.32772,1.155076,1.162659,1.161251,2.207415,2.513495,2.064335,132.905,207.2,126.904
189,1.837,-15769.83966,-15780.25954,17.493717,10.335097,3.176483,3.193827,3.196898,9.088054,12.351426,7.873241,883.774693,2.861842,2.335546,1.155775,1.16122,1.162181,2.206961,2.513772,2.06347,132.905,207.2,126.904
190,1.8333,-15769.78481,-15780.25105,17.576956,10.302617,3.17549,3.196216,3.195729,9.094837,12.350378,7.86145,883.03488,2.866589,2.332398,1.155462,1.161968,1.161815,2.207707,2.513687,2.061971,132.905,207.2,126.904
191,1.83,-15769.72992,-15780.24934,17.543206,10.313375,3.174198,3.196249,3.195067,9.091778,12.344344,7.866492,882.872362,2.864667,2.333442,1.155055,1.161978,1.161608,2.20737,2.513198,2.062612,132.905,207.2,126.904
192,1.8363,-15769.67453,-15780.23875,17.629023,10.330082,3.175494,3.195338,3.19587,9.093897,12.348799,7.854215,882.018258,2.869547,2.33506,1.155463,1.161693,1.161859,2.207604,2.513559,2.06105,132.905,207.2,126.904
193,1.8381,-15769.61926,-15780.23265,17.655255,10.364032,3.175927,3.195313,3.195761,9.093897,12.348369,7.850163,881.532465,2.871033,2.338341,1.1556,1.161685,1.161825,2.207603,2.513524,2.060534,132.905,207.2,126.904
194,1.8384,-15769.5644,-15780.22582,17.679366,10.350194,3.175273,3.19443,3.195858,9.09319,12.346853,7.846628,880.958783,2.872398,2.337005,1.155393,1.161409,1.161856,2.207526,2.513401,2.060084,132.905,207.2,126.904
195,1.8438,-15769.50881,-15780.21697,17.676326,10.379858,3.176593,3.19085,3.196295,9.088639,12.350015,7.842543,880.284867,2.872226,2.339867,1.155809,1.160287,1.161992,2.207025,2.513657,2.059563,132.905,207.2,126.904
196,1.8409,-15769.45414,-15780.21134,17.704864,10.388623,3.17573,3.192371,3.195412,9.091316,12.346314,7.838304,879.804453,2.873839,2.340711,1.155538,1.160764,1.161716,2.20732,2.513358,2.059023,132.905,207.2,126.904
197,1.8385,-15769.39951,-15780.20741,17.719257,10.389419,3.174852,3.19319,3.194833,9.092142,12.342927,7.836696,879.462572,2.874652,2.340788,1.155261,1.16102,1.161535,2.20741,2.513083,2.058817,132.905,207.2,126.904
198,1.836,-15769.07128,-15780.16799,17.909105,10.391492,3.173222,3.194687,3.192043,9.097932,12.337741,7.806641,876.279286,2.885309,2.340987,1.154748,1.161489,1.160661,2.208047,2.512663,2.054975,132.905,207.2,126.904
199,1.8401,-15769.28993,-15780.19264,17.819924,10.389074,3.174942,3.194015,3.194107,9.094232,12.34385,7.82363,878.263807,2.880317,2.340755,1.155289,1.161279,1.161308,2.20764,2.513158,2.057149,132.905,207.2,126.904
200,1.8455,-15769.23466,-15780.18514,17.805021,10.405398,3.175562,3.190054,3.194984,9.087169,12.344928,7.824013,877.701288,2.87948,2.342325,1.155485,1.160038,1.161582,2.206863,2.513245,2.057198,132.905,207.2,126.904
201,1.8417,-15769.1803,-15780.17994,17.833734,10.40173,3.174195,3.191713,3.194281,9.090663,12.340118,7.820079,877.255298,2.881092,2.341972,1.155054,1.160558,1.161362,2.207248,2.512856,2.056695,132.905,207.2,126.904
202,1.8195,-15769.12609,-15780.18859,17.696389,10.214963,3.171292,3.191819,3.18879,9.091813,12.341045,7.824205,877.895148,2.873361,2.323854,1.154139,1.160591,1.159641,2.207374,2.512931,2.057222,132.905,207.2,126.904
203,1.836,-15769.07128,-15780.16799,17.909105,10.391492,3.173222,3.194687,3.192043,9.097932,12.337741,7.806641,876.279286,2.885309,2.340987,1.154748,1.161489,1.160661,2.208047,2.512663,2.054975,132.905,207.2,126.904
204,1.849,-15769.01563,-15780.15853,17.924251,10.432364,3.175547,3.189194,3.194284,9.087925,12.343773,7.8055,875.615376,2.886155,2.344913,1.15548,1.159768,1.161363,2.206947,2.513152,2.054829,132.905,207.2,126.904
205,1.8233,-15768.96244,-15780.1632,17.874952,10.230959,3.17125,3.193658,3.188052,9.095384,12.340632,7.803311,875.865353,2.8834,2.325418,1.154126,1.161167,1.15941,2.207767,2.512897,2.054548,132.905,207.2,126.904
206,1.8215,-15768.90766,-15780.16034,17.835422,10.232557,3.170307,3.191946,3.188161,9.094066,12.336787,7.804969,875.651517,2.881186,2.325575,1.153828,1.160631,1.159444,2.207622,2.512586,2.054761,132.905,207.2,126.904
207,1.8208,-15768.85312,-15780.15323,17.854277,10.238132,3.17008,3.191853,3.187487,9.093994,12.335681,7.800775,875.095718,2.882243,2.326119,1.153757,1.160602,1.159233,2.207614,2.512496,2.054223,132.905,207.2,126.904
208,1.822,-15768.79869,-15780.14525,17.90928,10.245987,3.170041,3.192474,3.187319,9.094925,12.335245,7.794672,874.469644,2.885319,2.326886,1.153745,1.160796,1.15918,2.207717,2.512461,2.05344,132.905,207.2,126.904
209,1.8239,-15768.74426,-15780.13646,17.966702,10.257782,3.169996,3.192942,3.187315,9.095777,12.334538,7.788313,873.787973,2.88852,2.328037,1.15373,1.160943,1.159179,2.20781,2.512403,2.052624,132.905,207.2,126.904
210,1.8241,-15768.68978,-15780.12999,17.989233,10.263598,3.169717,3.192716,3.187199,9.096147,12.33322,7.784414,873.292753,2.889773,2.328603,1.153642,1.160872,1.159143,2.207851,2.512296,2.052124,132.905,207.2,126.904
211,1.8244,-15768.63489,-15780.12853,17.946372,10.258573,3.169099,3.189788,3.188339,9.097427,12.331268,7.783826,873.211401,2.887388,2.328114,1.153447,1.159954,1.1595,2.207992,2.512138,2.052048,132.905,207.2,126.904
212,1.825,-15768.58041,-15780.1212,17.974797,10.285239,3.168974,3.189902,3.188346,9.100135,12.329351,7.777788,872.658245,2.888971,2.33071,1.153408,1.15999,1.159502,2.208289,2.511983,2.051272,132.905,207.2,126.904
213,1.8235,-15768.52625,-15780.11485,17.998476,10.265863,3.168654,3.190182,3.187129,9.096395,12.329262,7.776596,872.159545,2.890287,2.328824,1.153307,1.160078,1.159121,2.207878,2.511975,2.051119,132.905,207.2,126.904
214,1.8321,-15768.47157,-15780.09989,18.084658,10.37163,3.167235,3.19009,3.190966,9.100649,12.317176,7.770795,871.061786,2.895064,2.339074,1.152859,1.160049,1.160324,2.208346,2.510995,2.050372,132.905,207.2,126.904
215,1.8344,-15768.41757,-15780.09089,18.150849,10.376261,3.167032,3.190695,3.191228,9.101527,12.316317,7.764389,870.366966,2.898717,2.339521,1.152795,1.160239,1.160406,2.208442,2.510925,2.049548,132.905,207.2,126.904
216,1.8323,-15768.36309,-15780.08611,18.145712,10.369555,3.166748,3.190124,3.190439,9.102149,12.31581,7.761135,870.02585,2.898434,2.338874,1.152705,1.16006,1.160158,2.208511,2.510884,2.049129,132.905,207.2,126.904
217,1.8386,-15768.30886,-15780.07428,18.242616,10.422878,3.167548,3.191036,3.191356,9.105049,12.315861,7.750842,869.152357,2.90376,2.344003,1.152958,1.160346,1.160446,2.208829,2.510888,2.047801,132.905,207.2,126.904
218,1.8337,-15768.25495,-15780.07196,18.241156,10.371536,3.166587,3.191352,3.190033,9.105201,12.315551,7.749178,868.958539,2.90368,2.339065,1.152654,1.160445,1.160031,2.208846,2.510863,2.047587,132.905,207.2,126.904
219,1.8347,-15768.20095,-15780.06212,18.298807,10.427201,3.16705,3.193261,3.189189,9.10716,12.313997,7.741953,868.225522,2.906836,2.344418,1.152801,1.161043,1.159767,2.209061,2.510737,2.046654,132.905,207.2,126.904
220,1.8326,-15768.14696,-15780.05645,18.30999,10.394336,3.166137,3.192883,3.188646,9.106285,12.31264,7.739755,867.799985,2.907447,2.341261,1.152512,1.160924,1.159597,2.208965,2.510626,2.04637,132.905,207.2,126.904
221,1.8359,-15768.09282,-15780.04794,18.356933,10.43052,3.166388,3.192941,3.189231,9.107772,12.311504,7.733721,867.185002,2.910007,2.344736,1.152591,1.160943,1.15978,2.209128,2.510534,2.04559,132.905,207.2,126.904
222,1.8362,-15768.03883,-15780.04879,18.379161,10.435628,3.166249,3.192936,3.189022,9.108632,12.310797,7.729471,866.740484,2.911217,2.345226,1.152548,1.160941,1.159714,2.209222,2.510477,2.04504,132.905,207.2,126.904
223,1.83,-15767.98458,-15780.03716,18.31752,10.380279,3.166721,3.190624,3.185244,9.099026,12.315866,7.731531,866.413871,2.907858,2.339908,1.152697,1.160217,1.158529,2.208167,2.510888,2.045307,132.905,207.2,126.904
224,1.8301,-15767.93082,-15780.03076,18.364445,10.38243,3.166258,3.191647,3.185365,9.102125,12.314197,7.725691,865.93686,2.910416,2.340115,1.15255,1.160537,1.158567,2.208508,2.510753,2.044551,132.905,207.2,126.904
225,1.8319,-15767.87659,-15780.02241,18.405525,10.404759,3.164824,3.191629,3.18706,9.106491,12.307527,7.721003,865.357564,2.912651,2.342263,1.152098,1.160532,1.159099,2.208987,2.510211,2.043944,132.905,207.2,126.904
226,1.8311,-15767.82266,-15780.01568,18.404344,10.405631,3.164868,3.190804,3.186055,9.103974,12.307617,7.718795,864.877221,2.912587,2.342347,1.152111,1.160273,1.158783,2.208711,2.510218,2.043658,132.905,207.2,126.904
227,1.8303,-15767.76887,-15780.01175,18.413771,10.393481,3.165798,3.190864,3.18426,9.099836,12.311907,7.717032,864.588018,2.913099,2.341179,1.152405,1.160292,1.15822,2.208256,2.510567,2.04343,132.905,207.2,126.904
228,1.8307,-15767.71503,-15780.00422,18.447722,10.385242,3.165749,3.190666,3.184059,9.101624,12.312543,7.710359,864.054717,2.914941,2.340386,1.15239,1.16023,1.158157,2.208453,2.510619,2.042565,132.905,207.2,126.904
229,1.8306,-15767.66121,-15779.9984,18.467425,10.396106,3.165305,3.190888,3.184013,9.102099,12.310201,7.707735,863.641502,2.916008,2.341431,1.15225,1.160299,1.158143,2.208505,2.510428,2.042224,132.905,207.2,126.904
230,1.8317,-15767.60739,-15779.98967,18.504796,10.392037,3.165325,3.190531,3.183849,9.103132,12.310807,7.701037,863.031321,2.91803,2.34104,1.152256,1.160187,1.158091,2.208618,2.510478,2.041355,132.905,207.2,126.904
231,1.8332,-15767.55367,-15779.98371,18.5542,10.45011,3.163746,3.192481,3.185871,9.110296,12.301254,7.697197,862.609954,2.920696,2.346613,1.151757,1.160798,1.158726,2.209405,2.509701,2.040856,132.905,207.2,126.904
232,1.8399,-15767.49968,-15779.97311,18.63839,10.485158,3.165009,3.192474,3.18691,9.115162,12.304516,7.684657,861.893124,2.925223,2.349961,1.152156,1.160796,1.159052,2.209939,2.509966,2.039226,132.905,207.2,126.904
233,1.8384,-15767.44592,-15779.96609,18.607504,10.528163,3.163105,3.191474,3.187484,9.112318,12.29403,7.689282,861.408114,2.923565,2.354054,1.151554,1.160483,1.159232,2.209627,2.509114,2.039827,132.905,207.2,126.904
234,1.8356,-15767.39234,-15779.961,18.630367,10.49029,3.162972,3.192036,3.186027,9.112295,12.296139,7.684786,861.04985,2.924793,2.35045,1.151512,1.160659,1.158775,2.209625,2.509285,2.039243,132.905,207.2,126.904
235,1.8382,-15767.33862,-15779.95483,18.643243,10.532874,3.162571,3.191466,3.187118,9.113193,12.291887,7.68294,860.630189,2.925484,2.354501,1.151385,1.16048,1.159117,2.209723,2.508939,2.039002,132.905,207.2,126.904
236,1.8484,-15767.28392,-15779.94192,18.706062,10.622741,3.165023,3.190433,3.18703,9.101023,12.295043,7.684027,859.823153,2.928848,2.362997,1.15216,1.160157,1.159089,2.208387,2.509196,2.039144,132.905,207.2,126.904
237,1.8366,-15767.23148,-15779.94143,18.707268,10.457428,3.163534,3.191309,3.184309,9.110307,12.30082,7.671599,859.711937,2.928912,2.347313,1.15169,1.160431,1.158235,2.209406,2.509666,2.037525,132.905,207.2,126.904
238,1.8373,-15767.1779,-15779.93336,18.740765,10.501864,3.163215,3.192158,3.184635,9.114737,12.297056,7.665343,859.165564,2.930701,2.351553,1.151589,1.160697,1.158338,2.209893,2.50936,2.036709,132.905,207.2,126.904
239,1.8393,-15767.12456,-15779.92483,18.778762,10.52485,3.162136,3.192423,3.185824,9.116418,12.291485,7.662145,858.576382,2.932727,2.353739,1.151248,1.16078,1.158711,2.210077,2.508907,2.036292,132.905,207.2,126.904
240,1.836,-15767.07121,-15779.91988,18.774041,10.45801,3.162538,3.19133,3.183587,9.11311,12.297335,7.658221,858.233558,2.932475,2.347368,1.151375,1.160438,1.158009,2.209714,2.509383,2.03578,132.905,207.2,126.904